호선,출발역명,도착역명,방향,주중주말,평균_분,표준편차,최소_분,최대_분,측정횟수,구간
2,강남,교대,OUT,DAY,1.5,0.0,1.5,1.5,234,강남 → 교대
2,강남,교대,OUT,END,1.5,0.0,1.5,1.5,197,강남 → 교대
2,강남,교대,OUT,SAT,1.5,0.0,1.5,1.5,197,강남 → 교대
2,강남,역삼,IN,DAY,1.0,0.0,1.0,1.0,235,강남 → 역삼
2,강남,역삼,IN,END,1.0,0.0,1.0,1.0,194,강남 → 역삼
2,강남,역삼,IN,SAT,1.0,0.0,1.0,1.0,194,강남 → 역삼
2,강변,구의,IN,DAY,1.0,0.0,1.0,1.0,234,강변 → 구의
2,강변,구의,IN,END,1.0,0.0,1.0,1.0,194,강변 → 구의
2,강변,구의,IN,SAT,1.0,0.0,1.0,1.0,194,강변 → 구의
2,강변,잠실나루,OUT,DAY,2.0,0.0,2.0,2.0,235,강변 → 잠실나루
2,강변,잠실나루,OUT,END,2.0,0.0,2.0,2.0,197,강변 → 잠실나루
2,강변,잠실나루,OUT,SAT,2.0,0.0,2.0,2.0,197,강변 → 잠실나루
2,건대입구,구의,OUT,DAY,2.0,0.0,2.0,2.0,235,건대입구 → 구의
2,건대입구,구의,OUT,END,2.0,0.0,2.0,2.0,197,건대입구 → 구의
2,건대입구,구의,OUT,SAT,2.0,0.0,2.0,2.0,197,건대입구 → 구의
2,건대입구,성수,IN,DAY,1.5,0.0,1.5,1.5,234,건대입구 → 성수
2,건대입구,성수,IN,END,1.5,0.0,1.5,1.5,193,건대입구 → 성수
2,건대입구,성수,IN,SAT,1.5,0.0,1.5,1.5,193,건대입구 → 성수
2,교대,강남,IN,DAY,1.5,0.0,1.5,1.5,236,교대 → 강남
2,교대,강남,IN,END,1.5,0.0,1.5,1.5,194,교대 → 강남
2,교대,강남,IN,SAT,1.5,0.0,1.5,1.5,194,교대 → 강남
2,교대,서초,OUT,DAY,1.0,0.0,1.0,1.0,234,교대 → 서초
2,교대,서초,OUT,END,1.0,0.0,1.0,1.0,197,교대 → 서초
2,교대,서초,OUT,SAT,1.0,0.0,1.0,1.0,197,교대 → 서초
2,구로디지털단지,대림,OUT,DAY,1.5,0.0,1.5,1.5,231,구로디지털단지 → 대림
2,구로디지털단지,대림,OUT,END,1.5,0.0,1.5,1.5,197,구로디지털단지 → 대림
2,구로디지털단지,대림,OUT,SAT,1.5,0.0,1.5,1.5,197,구로디지털단지 → 대림
2,구로디지털단지,신대방,IN,DAY,1.5,0.0,1.5,1.5,236,구로디지털단지 → 신대방
2,구로디지털단지,신대방,IN,END,1.5,0.0,1.5,1.5,194,구로디지털단지 → 신대방
2,구로디지털단지,신대방,IN,SAT,1.5,0.0,1.5,1.5,194,구로디지털단지 → 신대방
2,구의,강변,OUT,DAY,1.0,0.0,1.0,1.0,235,구의 → 강변
2,구의,강변,OUT,END,1.0,0.0,1.0,1.0,197,구의 → 강변
2,구의,강변,OUT,SAT,1.0,0.0,1.0,1.0,197,구의 → 강변
2,구의,건대입구,IN,DAY,2.0,0.0,2.0,2.0,234,구의 → 건대입구
2,구의,건대입구,IN,END,2.0,0.0,2.0,2.0,194,구의 → 건대입구
2,구의,건대입구,IN,SAT,2.0,0.0,2.0,2.0,194,구의 → 건대입구
2,낙성대,사당,IN,DAY,2.0,0.0,2.0,2.0,237,낙성대 → 사당
2,낙성대,사당,IN,END,2.0,0.06,1.5,2.5,194,낙성대 → 사당
2,낙성대,사당,IN,SAT,2.0,0.06,1.5,2.5,194,낙성대 → 사당
2,낙성대,서울대입구,OUT,DAY,1.5,0.0,1.5,1.5,232,낙성대 → 서울대입구
2,낙성대,서울대입구,OUT,END,1.5,0.0,1.5,1.5,196,낙성대 → 서울대입구
2,낙성대,서울대입구,OUT,SAT,1.5,0.0,1.5,1.5,196,낙성대 → 서울대입구
2,당산,영등포구청,IN,DAY,1.5,0.0,1.5,1.5,234,당산 → 영등포구청
2,당산,영등포구청,IN,END,1.5,0.0,1.5,1.5,192,당산 → 영등포구청
2,당산,영등포구청,IN,SAT,1.5,0.0,1.5,1.5,192,당산 → 영등포구청
2,당산,합정,OUT,DAY,2.5,0.0,2.5,2.5,233,당산 → 합정
2,당산,합정,OUT,END,2.49,0.32,1.5,3.0,195,당산 → 합정
2,당산,합정,OUT,SAT,2.49,0.32,1.5,3.0,195,당산 → 합정
2,대림,구로디지털단지,IN,DAY,1.5,0.0,1.5,1.5,236,대림 → 구로디지털단지
2,대림,구로디지털단지,IN,END,1.5,0.04,1.0,1.5,194,대림 → 구로디지털단지
2,대림,구로디지털단지,IN,SAT,1.5,0.04,1.0,1.5,194,대림 → 구로디지털단지
2,대림,신도림,OUT,DAY,2.5,0.0,2.5,2.5,231,대림 → 신도림
2,대림,신도림,OUT,END,2.46,0.14,1.5,2.5,196,대림 → 신도림
2,대림,신도림,OUT,SAT,2.46,0.14,1.5,2.5,196,대림 → 신도림
2,도림천,개화산,DOWN,END,1.0,,1.0,1.0,1,도림천 → 개화산
2,도림천,개화산,DOWN,SAT,1.0,,1.0,1.0,1,도림천 → 개화산
2,도림천,공덕,UP,DAY,0.67,0.0,0.67,0.67,2,도림천 → 공덕
2,도림천,김포공항,DOWN,END,0.17,,0.17,0.17,1,도림천 → 김포공항
2,도림천,김포공항,DOWN,SAT,0.17,,0.17,0.17,1,도림천 → 김포공항
2,도림천,마포,UP,DAY,0.5,0.0,0.5,0.5,2,도림천 → 마포
2,도림천,발산,DOWN,END,0.83,,0.83,0.83,1,도림천 → 발산
2,도림천,발산,DOWN,SAT,0.83,,0.83,0.83,1,도림천 → 발산
2,도림천,신도림,DOWN,DAY,1.5,0.0,1.5,1.5,105,도림천 → 신도림
2,도림천,신도림,DOWN,END,1.5,0.0,1.5,1.5,92,도림천 → 신도림
2,도림천,신도림,DOWN,SAT,1.5,0.0,1.5,1.5,92,도림천 → 신도림
2,도림천,신정,DOWN,END,1.17,,1.17,1.17,1,도림천 → 신정
2,도림천,신정,DOWN,SAT,1.17,,1.17,1.17,1,도림천 → 신정
2,도림천,양천구청,UP,DAY,2.5,0.0,2.5,2.5,94,도림천 → 양천구청
2,도림천,양천구청,UP,END,2.5,0.0,2.5,2.5,105,도림천 → 양천구청
2,도림천,양천구청,UP,SAT,2.5,0.0,2.5,2.5,105,도림천 → 양천구청
2,도림천,여의나루,DOWN,END,0.17,,0.17,0.17,1,도림천 → 여의나루
2,도림천,여의나루,DOWN,SAT,0.17,,0.17,0.17,1,도림천 → 여의나루
2,도림천,여의나루,UP,DAY,1.0,0.5,0.5,1.5,3,도림천 → 여의나루
2,도림천,여의도,DOWN,END,1.33,,1.33,1.33,1,도림천 → 여의도
2,도림천,여의도,DOWN,SAT,1.33,,1.33,1.33,1,도림천 → 여의도
2,도림천,여의도,UP,DAY,0.42,0.35,0.17,0.67,2,도림천 → 여의도
2,도림천,영등포구청,DOWN,END,0.83,,0.83,0.83,1,도림천 → 영등포구청
2,도림천,영등포구청,DOWN,SAT,0.83,,0.83,0.83,1,도림천 → 영등포구청
2,도림천,오목교,DOWN,END,0.5,,0.5,0.5,1,도림천 → 오목교
2,도림천,오목교,DOWN,SAT,0.5,,0.5,0.5,1,도림천 → 오목교
2,도림천,우장산,DOWN,END,0.83,,0.83,0.83,1,도림천 → 우장산
2,도림천,우장산,DOWN,SAT,0.83,,0.83,0.83,1,도림천 → 우장산
2,동대문역사문화공원,신당,OUT,DAY,1.5,0.0,1.5,1.5,232,동대문역사문화공원 → 신당
2,동대문역사문화공원,신당,OUT,END,1.5,0.04,1.0,1.5,195,동대문역사문화공원 → 신당
2,동대문역사문화공원,신당,OUT,SAT,1.5,0.04,1.0,1.5,195,동대문역사문화공원 → 신당
2,동대문역사문화공원,을지로4가,IN,DAY,1.5,0.0,1.5,1.5,234,동대문역사문화공원 → 을지로4가
2,동대문역사문화공원,을지로4가,IN,END,1.5,0.0,1.5,1.5,192,동대문역사문화공원 → 을지로4가
2,동대문역사문화공원,을지로4가,IN,SAT,1.5,0.0,1.5,1.5,192,동대문역사문화공원 → 을지로4가
2,뚝섬,성수,OUT,DAY,1.0,0.0,1.0,1.0,232,뚝섬 → 성수
2,뚝섬,성수,OUT,END,1.02,0.1,0.5,1.5,194,뚝섬 → 성수
2,뚝섬,성수,OUT,SAT,1.02,0.1,0.5,1.5,194,뚝섬 → 성수
2,뚝섬,한양대,IN,DAY,1.5,0.0,1.5,1.5,235,뚝섬 → 한양대
2,뚝섬,한양대,IN,END,1.5,0.0,1.5,1.5,192,뚝섬 → 한양대
2,뚝섬,한양대,IN,SAT,1.5,0.0,1.5,1.5,192,뚝섬 → 한양대
2,문래,신도림,IN,DAY,2.0,0.0,2.0,2.0,233,문래 → 신도림
2,문래,신도림,IN,END,2.0,0.04,1.5,2.0,191,문래 → 신도림
2,문래,신도림,IN,SAT,2.0,0.04,1.5,2.0,191,문래 → 신도림
2,문래,영등포구청,OUT,DAY,1.0,0.0,1.0,1.0,234,문래 → 영등포구청
2,문래,영등포구청,OUT,END,1.0,0.0,1.0,1.0,195,문래 → 영등포구청
2,문래,영등포구청,OUT,SAT,1.0,0.0,1.0,1.0,195,문래 → 영등포구청
2,방배,사당,OUT,DAY,2.5,0.0,2.5,2.5,233,방배 → 사당
2,방배,사당,OUT,END,2.42,0.18,2.0,2.5,197,방배 → 사당
2,방배,사당,OUT,SAT,2.42,0.18,2.0,2.5,197,방배 → 사당
2,방배,서초,IN,DAY,2.0,0.0,2.0,2.0,236,방배 → 서초
2,방배,서초,IN,END,2.0,0.0,2.0,2.0,194,방배 → 서초
2,방배,서초,IN,SAT,2.0,0.0,2.0,2.0,194,방배 → 서초
2,봉천,서울대입구,IN,DAY,1.0,0.0,1.0,1.0,236,봉천 → 서울대입구
2,봉천,서울대입구,IN,END,1.0,0.0,1.0,1.0,193,봉천 → 서울대입구
2,봉천,서울대입구,IN,SAT,1.0,0.0,1.0,1.0,193,봉천 → 서울대입구
2,봉천,신림,OUT,DAY,1.5,0.0,1.5,1.5,232,봉천 → 신림
2,봉천,신림,OUT,END,1.5,0.04,1.5,2.0,197,봉천 → 신림
2,봉천,신림,OUT,SAT,1.5,0.04,1.5,2.0,197,봉천 → 신림
2,사당,낙성대,OUT,DAY,2.0,0.0,2.0,2.0,233,사당 → 낙성대
2,사당,낙성대,OUT,END,2.0,0.0,2.0,2.0,197,사당 → 낙성대
2,사당,낙성대,OUT,SAT,2.0,0.0,2.0,2.0,197,사당 → 낙성대
2,사당,방배,IN,DAY,2.5,0.0,2.5,2.5,236,사당 → 방배
2,사당,방배,IN,END,2.48,0.11,2.0,2.5,194,사당 → 방배
2,사당,방배,IN,SAT,2.48,0.11,2.0,2.5,194,사당 → 방배
2,삼성,선릉,OUT,DAY,1.5,0.0,1.5,1.5,234,삼성 → 선릉
2,삼성,선릉,OUT,END,1.5,0.0,1.5,1.5,196,삼성 → 선릉
2,삼성,선릉,OUT,SAT,1.5,0.0,1.5,1.5,196,삼성 → 선릉
2,삼성,종합운동장,IN,DAY,1.5,0.0,1.5,1.5,235,삼성 → 종합운동장
2,삼성,종합운동장,IN,END,1.5,0.0,1.5,1.5,193,삼성 → 종합운동장
2,삼성,종합운동장,IN,SAT,1.5,0.0,1.5,1.5,193,삼성 → 종합운동장
2,상왕십리,신당,IN,DAY,1.0,0.0,1.0,1.0,235,상왕십리 → 신당
2,상왕십리,신당,IN,END,1.0,0.0,1.0,1.0,192,상왕십리 → 신당
2,상왕십리,신당,IN,SAT,1.0,0.0,1.0,1.0,192,상왕십리 → 신당
2,상왕십리,왕십리,OUT,DAY,1.0,0.0,1.0,1.0,232,상왕십리 → 왕십리
2,상왕십리,왕십리,OUT,END,1.0,0.04,1.0,1.5,195,상왕십리 → 왕십리
2,상왕십리,왕십리,OUT,SAT,1.0,0.04,1.0,1.5,195,상왕십리 → 왕십리
2,서울대입구,낙성대,IN,DAY,1.5,0.0,1.5,1.5,236,서울대입구 → 낙성대
2,서울대입구,낙성대,IN,END,1.5,0.04,1.5,2.0,193,서울대입구 → 낙성대
2,서울대입구,낙성대,IN,SAT,1.5,0.04,1.5,2.0,193,서울대입구 → 낙성대
2,서울대입구,봉천,OUT,DAY,1.0,0.0,1.0,1.0,232,서울대입구 → 봉천
2,서울대입구,봉천,OUT,END,1.0,0.04,1.0,1.5,196,서울대입구 → 봉천
2,서울대입구,봉천,OUT,SAT,1.0,0.04,1.0,1.5,196,서울대입구 → 봉천
2,서초,교대,IN,DAY,1.0,0.0,1.0,1.0,236,서초 → 교대
2,서초,교대,IN,END,1.0,0.0,1.0,1.0,194,서초 → 교대
2,서초,교대,IN,SAT,1.0,0.0,1.0,1.0,194,서초 → 교대
2,서초,방배,OUT,DAY,2.0,0.0,2.0,2.0,234,서초 → 방배
2,서초,방배,OUT,END,2.0,0.12,0.5,2.5,197,서초 → 방배
2,서초,방배,OUT,SAT,2.0,0.12,0.5,2.5,197,서초 → 방배
2,선릉,삼성,IN,DAY,1.5,0.0,1.5,1.5,235,선릉 → 삼성
2,선릉,삼성,IN,END,1.5,0.0,1.5,1.5,193,선릉 → 삼성
2,선릉,삼성,IN,SAT,1.5,0.0,1.5,1.5,193,선릉 → 삼성
2,선릉,역삼,OUT,DAY,1.5,0.0,1.5,1.5,235,선릉 → 역삼
2,선릉,역삼,OUT,END,1.5,0.0,1.5,1.5,197,선릉 → 역삼
2,선릉,역삼,OUT,SAT,1.5,0.0,1.5,1.5,197,선릉 → 역삼
2,시청,을지로입구,OUT,DAY,1.5,0.0,1.5,1.5,232,시청 → 을지로입구
2,시청,을지로입구,OUT,END,1.5,0.04,1.0,1.5,194,시청 → 을지로입구
2,시청,을지로입구,OUT,SAT,1.5,0.04,1.0,1.5,194,시청 → 을지로입구
2,시청,충정로,IN,DAY,1.5,0.0,1.5,1.5,235,시청 → 충정로
2,시청,충정로,IN,END,1.5,0.0,1.5,1.5,192,시청 → 충정로
2,시청,충정로,IN,SAT,1.5,0.0,1.5,1.5,192,시청 → 충정로
2,신답,용답,UP,DAY,1.5,0.0,1.5,1.5,109,신답 → 용답
2,신답,용답,UP,END,1.5,0.0,1.5,1.5,104,신답 → 용답
2,신답,용답,UP,SAT,1.5,0.0,1.5,1.5,104,신답 → 용답
2,신답,용두,DOWN,DAY,1.5,0.0,1.5,1.5,109,신답 → 용두
2,신답,용두,DOWN,END,1.5,0.0,1.5,1.5,104,신답 → 용두
2,신답,용두,DOWN,SAT,1.5,0.0,1.5,1.5,104,신답 → 용두
2,신당,동대문역사문화공원,IN,DAY,1.5,0.0,1.5,1.5,235,신당 → 동대문역사문화공원
2,신당,동대문역사문화공원,IN,END,1.5,0.0,1.5,1.5,192,신당 → 동대문역사문화공원
2,신당,동대문역사문화공원,IN,SAT,1.5,0.0,1.5,1.5,192,신당 → 동대문역사문화공원
2,신당,상왕십리,OUT,DAY,1.0,0.0,1.0,1.0,232,신당 → 상왕십리
2,신당,상왕십리,OUT,END,1.0,0.0,1.0,1.0,195,신당 → 상왕십리
2,신당,상왕십리,OUT,SAT,1.0,0.0,1.0,1.0,195,신당 → 상왕십리
2,신대방,구로디지털단지,OUT,DAY,1.5,0.0,1.5,1.5,232,신대방 → 구로디지털단지
2,신대방,구로디지털단지,OUT,END,1.57,0.2,1.0,2.0,197,신대방 → 구로디지털단지
2,신대방,구로디지털단지,OUT,SAT,1.57,0.2,1.0,2.0,197,신대방 → 구로디지털단지
2,신대방,신림,IN,DAY,2.0,0.0,2.0,2.0,236,신대방 → 신림
2,신대방,신림,IN,END,2.0,0.0,2.0,2.0,194,신대방 → 신림
2,신대방,신림,IN,SAT,2.0,0.0,2.0,2.0,194,신대방 → 신림
2,신도림,대림,IN,DAY,2.5,0.0,2.5,2.5,214,신도림 → 대림
2,신도림,대림,IN,END,2.49,0.06,2.0,2.5,180,신도림 → 대림
2,신도림,대림,IN,SAT,2.49,0.06,2.0,2.5,180,신도림 → 대림
2,신도림,문래,OUT,DAY,2.0,0.0,2.0,2.0,216,신도림 → 문래
2,신도림,문래,OUT,END,1.99,0.07,1.5,2.0,184,신도림 → 문래
2,신도림,문래,OUT,SAT,1.99,0.07,1.5,2.0,184,신도림 → 문래
2,신림,봉천,IN,DAY,1.5,0.0,1.5,1.5,236,신림 → 봉천
2,신림,봉천,IN,END,1.5,0.0,1.5,1.5,194,신림 → 봉천
2,신림,봉천,IN,SAT,1.5,0.0,1.5,1.5,194,신림 → 봉천
2,신림,신대방,OUT,DAY,2.0,0.0,2.0,2.0,232,신림 → 신대방
2,신림,신대방,OUT,END,2.01,0.1,1.5,2.5,197,신림 → 신대방
2,신림,신대방,OUT,SAT,2.01,0.1,1.5,2.5,197,신림 → 신대방
2,신정네거리,개화산,DOWN,END,1.5,,1.5,1.5,1,신정네거리 → 개화산
2,신정네거리,개화산,DOWN,SAT,1.5,,1.5,1.5,1,신정네거리 → 개화산
2,신정네거리,공덕,UP,DAY,0.5,0.47,0.17,0.83,2,신정네거리 → 공덕
2,신정네거리,김포공항,DOWN,END,0.67,,0.67,0.67,1,신정네거리 → 김포공항
2,신정네거리,김포공항,DOWN,SAT,0.67,,0.67,0.67,1,신정네거리 → 김포공항
2,신정네거리,까치산,DOWN,END,1.33,,1.33,1.33,1,신정네거리 → 까치산
2,신정네거리,까치산,DOWN,SAT,1.33,,1.33,1.33,1,신정네거리 → 까치산
2,신정네거리,까치산,UP,DAY,2.5,0.0,2.5,2.5,90,신정네거리 → 까치산
2,신정네거리,까치산,UP,END,2.5,0.0,2.5,2.5,105,신정네거리 → 까치산
2,신정네거리,까치산,UP,SAT,2.5,0.0,2.5,2.5,106,신정네거리 → 까치산
2,신정네거리,마곡,DOWN,END,0.33,,0.33,0.33,1,신정네거리 → 마곡
2,신정네거리,마곡,DOWN,SAT,0.33,,0.33,0.33,1,신정네거리 → 마곡
2,신정네거리,송정,DOWN,END,1.33,,1.33,1.33,1,신정네거리 → 송정
2,신정네거리,송정,DOWN,SAT,1.33,,1.33,1.33,1,신정네거리 → 송정
2,신정네거리,신길,UP,DAY,0.17,0.0,0.17,0.17,2,신정네거리 → 신길
2,신정네거리,신정,DOWN,END,0.67,,0.67,0.67,1,신정네거리 → 신정
2,신정네거리,신정,DOWN,SAT,0.67,,0.67,0.67,1,신정네거리 → 신정
2,신정네거리,양천구청,DOWN,DAY,3.0,0.0,3.0,3.0,105,신정네거리 → 양천구청
2,신정네거리,양천구청,DOWN,END,3.0,0.0,3.0,3.0,92,신정네거리 → 양천구청
2,신정네거리,양천구청,DOWN,SAT,3.0,0.0,3.0,3.0,92,신정네거리 → 양천구청
2,신정네거리,양평,DOWN,END,0.83,,0.83,0.83,1,신정네거리 → 양평
2,신정네거리,양평,DOWN,SAT,0.83,,0.83,0.83,1,신정네거리 → 양평
2,신정네거리,양평,UP,DAY,0.83,,0.83,0.83,1,신정네거리 → 양평
2,신정네거리,여의나루,UP,DAY,1.25,0.35,1.0,1.5,2,신정네거리 → 여의나루
2,신정네거리,여의도,UP,DAY,0.17,0.0,0.17,0.17,2,신정네거리 → 여의도
2,신정네거리,영등포구청,UP,DAY,0.67,,0.67,0.67,1,신정네거리 → 영등포구청
2,신정네거리,영등포시장,DOWN,END,1.0,,1.0,1.0,1,신정네거리 → 영등포시장
2,신정네거리,영등포시장,DOWN,SAT,1.0,,1.0,1.0,1,신정네거리 → 영등포시장
2,신정네거리,영등포시장,UP,DAY,0.42,0.35,0.17,0.67,2,신정네거리 → 영등포시장
2,신정네거리,오목교,DOWN,END,1.0,,1.0,1.0,1,신정네거리 → 오목교
2,신정네거리,오목교,DOWN,SAT,1.0,,1.0,1.0,1,신정네거리 → 오목교
2,신정네거리,우장산,DOWN,END,1.33,,1.33,1.33,1,신정네거리 → 우장산
2,신정네거리,우장산,DOWN,SAT,1.33,,1.33,1.33,1,신정네거리 → 우장산
2,신촌,이대,OUT,DAY,1.0,0.0,1.0,1.0,234,신촌 → 이대
2,신촌,이대,OUT,END,1.0,0.0,1.0,1.0,195,신촌 → 이대
2,신촌,이대,OUT,SAT,1.0,0.0,1.0,1.0,195,신촌 → 이대
2,신촌,홍대입구,IN,DAY,2.0,0.0,2.0,2.0,234,신촌 → 홍대입구
2,신촌,홍대입구,IN,END,2.0,0.04,1.5,2.0,191,신촌 → 홍대입구
2,신촌,홍대입구,IN,SAT,2.0,0.04,1.5,2.0,191,신촌 → 홍대입구
2,아현,이대,IN,DAY,1.0,0.0,1.0,1.0,234,아현 → 이대
2,아현,이대,IN,END,1.0,0.0,1.0,1.0,192,아현 → 이대
2,아현,이대,IN,SAT,1.0,0.0,1.0,1.0,192,아현 → 이대
2,아현,충정로,OUT,DAY,1.5,0.0,1.5,1.5,233,아현 → 충정로
2,아현,충정로,OUT,END,1.5,0.0,1.5,1.5,195,아현 → 충정로
2,아현,충정로,OUT,SAT,1.5,0.0,1.5,1.5,195,아현 → 충정로
2,양천구청,개화산,DOWN,END,1.0,,1.0,1.0,1,양천구청 → 개화산
2,양천구청,개화산,DOWN,SAT,1.0,,1.0,1.0,1,양천구청 → 개화산
2,양천구청,공덕,DOWN,END,0.17,,0.17,0.17,1,양천구청 → 공덕
2,양천구청,공덕,DOWN,SAT,0.17,,0.17,0.17,1,양천구청 → 공덕
2,양천구청,공덕,UP,DAY,0.42,0.35,0.17,0.67,2,양천구청 → 공덕
2,양천구청,김포공항,DOWN,END,0.17,,0.17,0.17,1,양천구청 → 김포공항
2,양천구청,김포공항,DOWN,SAT,0.17,,0.17,0.17,1,양천구청 → 김포공항
2,양천구청,도림천,DOWN,DAY,2.5,0.0,2.5,2.5,105,양천구청 → 도림천
2,양천구청,도림천,DOWN,END,2.5,0.0,2.5,2.5,92,양천구청 → 도림천
2,양천구청,도림천,DOWN,SAT,2.5,0.0,2.5,2.5,92,양천구청 → 도림천
2,양천구청,신길,UP,DAY,0.92,0.35,0.67,1.17,2,양천구청 → 신길
2,양천구청,신정,DOWN,END,0.17,,0.17,0.17,1,양천구청 → 신정
2,양천구청,신정,DOWN,SAT,0.17,,0.17,0.17,1,양천구청 → 신정
2,양천구청,신정네거리,UP,DAY,3.0,0.0,3.0,3.0,93,양천구청 → 신정네거리
2,양천구청,신정네거리,UP,END,3.0,0.0,3.0,3.0,105,양천구청 → 신정네거리
2,양천구청,신정네거리,UP,SAT,3.0,0.0,3.0,3.0,106,양천구청 → 신정네거리
2,양천구청,여의나루,DOWN,END,0.17,,0.17,0.17,1,양천구청 → 여의나루
2,양천구청,여의나루,DOWN,SAT,0.17,,0.17,0.17,1,양천구청 → 여의나루
2,양천구청,여의도,DOWN,END,1.33,,1.33,1.33,1,양천구청 → 여의도
2,양천구청,여의도,DOWN,SAT,1.33,,1.33,1.33,1,양천구청 → 여의도
2,양천구청,여의도,UP,DAY,0.17,,0.17,0.17,1,양천구청 → 여의도
2,양천구청,영등포구청,DOWN,END,0.83,,0.83,0.83,1,양천구청 → 영등포구청
2,양천구청,영등포구청,DOWN,SAT,0.83,,0.83,0.83,1,양천구청 → 영등포구청
2,양천구청,영등포시장,DOWN,END,0.5,,0.5,0.5,1,양천구청 → 영등포시장
2,양천구청,영등포시장,DOWN,SAT,0.5,,0.5,0.5,1,양천구청 → 영등포시장
2,양천구청,영등포시장,UP,DAY,1.17,,1.17,1.17,1,양천구청 → 영등포시장
2,양천구청,오목교,DOWN,END,0.5,,0.5,0.5,1,양천구청 → 오목교
2,양천구청,오목교,DOWN,SAT,0.5,,0.5,0.5,1,양천구청 → 오목교
2,양천구청,우장산,DOWN,END,0.83,,0.83,0.83,1,양천구청 → 우장산
2,양천구청,우장산,DOWN,SAT,0.83,,0.83,0.83,1,양천구청 → 우장산
2,역삼,강남,OUT,DAY,1.0,0.0,1.0,1.0,234,역삼 → 강남
2,역삼,강남,OUT,END,1.0,0.0,1.0,1.0,197,역삼 → 강남
2,역삼,강남,OUT,SAT,1.0,0.0,1.0,1.0,197,역삼 → 강남
2,역삼,선릉,IN,DAY,1.5,0.0,1.5,1.5,235,역삼 → 선릉
2,역삼,선릉,IN,END,1.5,0.0,1.5,1.5,194,역삼 → 선릉
2,역삼,선릉,IN,SAT,1.5,0.0,1.5,1.5,194,역삼 → 선릉
2,영등포구청,당산,OUT,DAY,1.5,0.0,1.5,1.5,234,영등포구청 → 당산
2,영등포구청,당산,OUT,END,1.5,0.04,1.0,1.5,195,영등포구청 → 당산
2,영등포구청,당산,OUT,SAT,1.5,0.04,1.0,1.5,195,영등포구청 → 당산
2,영등포구청,문래,IN,DAY,1.0,0.0,1.0,1.0,233,영등포구청 → 문래
2,영등포구청,문래,IN,END,1.0,0.04,0.5,1.0,192,영등포구청 → 문래
2,영등포구청,문래,IN,SAT,1.0,0.04,0.5,1.0,192,영등포구청 → 문래
2,왕십리,상왕십리,IN,DAY,1.0,0.0,1.0,1.0,235,왕십리 → 상왕십리
2,왕십리,상왕십리,IN,END,1.0,0.04,1.0,1.5,192,왕십리 → 상왕십리
2,왕십리,상왕십리,IN,SAT,1.0,0.04,1.0,1.5,192,왕십리 → 상왕십리
2,왕십리,한양대,OUT,DAY,1.5,0.0,1.5,1.5,232,왕십리 → 한양대
2,왕십리,한양대,OUT,END,1.5,0.04,1.5,2.0,195,왕십리 → 한양대
2,왕십리,한양대,OUT,SAT,1.5,0.04,1.5,2.0,195,왕십리 → 한양대
2,용답,성수,UP,DAY,3.0,0.0,3.0,3.0,109,용답 → 성수
2,용답,성수,UP,END,3.0,0.0,3.0,3.0,103,용답 → 성수
2,용답,성수,UP,SAT,3.0,0.0,3.0,3.0,103,용답 → 성수
2,용답,신답,DOWN,DAY,1.5,0.0,1.5,1.5,109,용답 → 신답
2,용답,신답,DOWN,END,1.5,0.0,1.5,1.5,104,용답 → 신답
2,용답,신답,DOWN,SAT,1.5,0.0,1.5,1.5,104,용답 → 신답
2,용두,신답,UP,DAY,1.5,0.0,1.5,1.5,109,용두 → 신답
2,용두,신답,UP,END,1.5,0.0,1.5,1.5,104,용두 → 신답
2,용두,신답,UP,SAT,1.5,0.0,1.5,1.5,104,용두 → 신답
2,용두,신설동,DOWN,DAY,1.5,0.0,1.5,1.5,109,용두 → 신설동
2,용두,신설동,DOWN,END,1.5,0.0,1.5,1.5,103,용두 → 신설동
2,용두,신설동,DOWN,SAT,1.5,0.0,1.5,1.5,103,용두 → 신설동
2,을지로3가,을지로4가,OUT,DAY,1.0,0.0,1.0,1.0,233,을지로3가 → 을지로4가
2,을지로3가,을지로4가,OUT,END,1.0,0.0,1.0,1.0,195,을지로3가 → 을지로4가
2,을지로3가,을지로4가,OUT,SAT,1.0,0.0,1.0,1.0,195,을지로3가 → 을지로4가
2,을지로3가,을지로입구,IN,DAY,1.0,0.0,1.0,1.0,234,을지로3가 → 을지로입구
2,을지로3가,을지로입구,IN,END,1.0,0.0,1.0,1.0,191,을지로3가 → 을지로입구
2,을지로3가,을지로입구,IN,SAT,1.0,0.0,1.0,1.0,191,을지로3가 → 을지로입구
2,을지로4가,동대문역사문화공원,OUT,DAY,1.5,0.0,1.5,1.5,233,을지로4가 → 동대문역사문화공원
2,을지로4가,동대문역사문화공원,OUT,END,1.5,0.0,1.5,1.5,195,을지로4가 → 동대문역사문화공원
2,을지로4가,동대문역사문화공원,OUT,SAT,1.5,0.0,1.5,1.5,195,을지로4가 → 동대문역사문화공원
2,을지로4가,을지로3가,IN,DAY,1.0,0.0,1.0,1.0,234,을지로4가 → 을지로3가
2,을지로4가,을지로3가,IN,END,1.0,0.0,1.0,1.0,192,을지로4가 → 을지로3가
2,을지로4가,을지로3가,IN,SAT,1.0,0.0,1.0,1.0,192,을지로4가 → 을지로3가
2,을지로입구,시청,IN,DAY,1.5,0.0,1.5,1.5,234,을지로입구 → 시청
2,을지로입구,시청,IN,END,1.5,0.0,1.5,1.5,191,을지로입구 → 시청
2,을지로입구,시청,IN,SAT,1.5,0.0,1.5,1.5,191,을지로입구 → 시청
2,을지로입구,을지로3가,OUT,DAY,1.0,0.0,1.0,1.0,232,을지로입구 → 을지로3가
2,을지로입구,을지로3가,OUT,END,1.0,0.04,1.0,1.5,194,을지로입구 → 을지로3가
2,을지로입구,을지로3가,OUT,SAT,1.0,0.04,1.0,1.5,194,을지로입구 → 을지로3가
2,이대,신촌,IN,DAY,1.0,0.0,1.0,1.0,234,이대 → 신촌
2,이대,신촌,IN,END,1.0,0.0,1.0,1.0,192,이대 → 신촌
2,이대,신촌,IN,SAT,1.0,0.0,1.0,1.0,192,이대 → 신촌
2,이대,아현,OUT,DAY,1.0,0.0,1.0,1.0,233,이대 → 아현
2,이대,아현,OUT,END,1.0,0.04,1.0,1.5,195,이대 → 아현
2,이대,아현,OUT,SAT,1.0,0.04,1.0,1.5,195,이대 → 아현
2,잠실,잠실나루,IN,DAY,1.5,0.0,1.5,1.5,235,잠실 → 잠실나루
2,잠실,잠실나루,IN,END,1.5,0.0,1.5,1.5,194,잠실 → 잠실나루
2,잠실,잠실나루,IN,SAT,1.5,0.0,1.5,1.5,194,잠실 → 잠실나루
2,잠실,잠실새내,OUT,DAY,1.5,0.0,1.5,1.5,235,잠실 → 잠실새내
2,잠실,잠실새내,OUT,END,1.5,0.0,1.5,1.5,197,잠실 → 잠실새내
2,잠실,잠실새내,OUT,SAT,1.5,0.0,1.5,1.5,197,잠실 → 잠실새내
2,잠실나루,강변,IN,DAY,2.0,0.0,2.0,2.0,234,잠실나루 → 강변
2,잠실나루,강변,IN,END,2.0,0.0,2.0,2.0,194,잠실나루 → 강변
2,잠실나루,강변,IN,SAT,2.0,0.0,2.0,2.0,194,잠실나루 → 강변
2,잠실나루,잠실,OUT,DAY,1.5,0.0,1.5,1.5,235,잠실나루 → 잠실
2,잠실나루,잠실,OUT,END,1.5,0.0,1.5,1.5,197,잠실나루 → 잠실
2,잠실나루,잠실,OUT,SAT,1.5,0.0,1.5,1.5,197,잠실나루 → 잠실
2,잠실새내,잠실,IN,DAY,1.5,0.0,1.5,1.5,235,잠실새내 → 잠실
2,잠실새내,잠실,IN,END,1.5,0.0,1.5,1.5,194,잠실새내 → 잠실
2,잠실새내,잠실,IN,SAT,1.5,0.0,1.5,1.5,194,잠실새내 → 잠실
2,잠실새내,종합운동장,OUT,DAY,1.5,0.0,1.5,1.5,234,잠실새내 → 종합운동장
2,잠실새내,종합운동장,OUT,END,1.5,0.0,1.5,1.5,197,잠실새내 → 종합운동장
2,잠실새내,종합운동장,OUT,SAT,1.5,0.0,1.5,1.5,197,잠실새내 → 종합운동장
2,종합운동장,삼성,OUT,DAY,1.5,0.0,1.5,1.5,234,종합운동장 → 삼성
2,종합운동장,삼성,OUT,END,1.5,0.0,1.5,1.5,196,종합운동장 → 삼성
2,종합운동장,삼성,OUT,SAT,1.5,0.0,1.5,1.5,196,종합운동장 → 삼성
2,종합운동장,잠실새내,IN,DAY,1.5,0.0,1.5,1.5,235,종합운동장 → 잠실새내
2,종합운동장,잠실새내,IN,END,1.5,0.0,1.5,1.5,194,종합운동장 → 잠실새내
2,종합운동장,잠실새내,IN,SAT,1.5,0.0,1.5,1.5,194,종합운동장 → 잠실새내
2,충정로,시청,OUT,DAY,1.5,0.0,1.5,1.5,233,충정로 → 시청
2,충정로,시청,OUT,END,1.5,0.0,1.5,1.5,195,충정로 → 시청
2,충정로,시청,OUT,SAT,1.5,0.0,1.5,1.5,195,충정로 → 시청
2,충정로,아현,IN,DAY,1.5,0.0,1.5,1.5,235,충정로 → 아현
2,충정로,아현,IN,END,1.5,0.0,1.5,1.5,192,충정로 → 아현
2,충정로,아현,IN,SAT,1.5,0.0,1.5,1.5,192,충정로 → 아현
2,한양대,뚝섬,OUT,DAY,1.5,0.0,1.5,1.5,232,한양대 → 뚝섬
2,한양대,뚝섬,OUT,END,1.49,0.13,1.0,2.0,195,한양대 → 뚝섬
2,한양대,뚝섬,OUT,SAT,1.49,0.13,1.0,2.0,195,한양대 → 뚝섬
2,한양대,왕십리,IN,DAY,1.5,0.0,1.5,1.5,235,한양대 → 왕십리
2,한양대,왕십리,IN,END,1.5,0.0,1.5,1.5,192,한양대 → 왕십리
2,한양대,왕십리,IN,SAT,1.5,0.0,1.5,1.5,192,한양대 → 왕십리
2,합정,당산,IN,DAY,2.5,0.0,2.5,2.5,234,합정 → 당산
2,합정,당산,IN,END,2.48,0.09,2.0,2.5,192,합정 → 당산
2,합정,당산,IN,SAT,2.48,0.09,2.0,2.5,192,합정 → 당산
2,합정,홍대입구,OUT,DAY,1.5,0.0,1.5,1.5,233,합정 → 홍대입구
2,합정,홍대입구,OUT,END,1.5,0.0,1.5,1.5,194,합정 → 홍대입구
2,합정,홍대입구,OUT,SAT,1.5,0.0,1.5,1.5,194,합정 → 홍대입구
2,홍대입구,신촌,OUT,DAY,2.0,0.0,2.0,2.0,233,홍대입구 → 신촌
2,홍대입구,신촌,OUT,END,1.99,0.07,1.5,2.0,194,홍대입구 → 신촌
2,홍대입구,신촌,OUT,SAT,1.99,0.07,1.5,2.0,194,홍대입구 → 신촌
2,홍대입구,합정,IN,DAY,1.5,0.0,1.5,1.5,233,홍대입구 → 합정
2,홍대입구,합정,IN,END,1.5,0.0,1.5,1.5,191,홍대입구 → 합정
2,홍대입구,합정,IN,SAT,1.5,0.0,1.5,1.5,191,홍대입구 → 합정
4,경마공원,대공원,DOWN,DAY,1.5,0.0,1.5,1.5,125,경마공원 → 대공원
4,경마공원,대공원,DOWN,END,1.5,0.0,1.5,1.5,108,경마공원 → 대공원
4,경마공원,대공원,DOWN,SAT,1.5,0.0,1.5,1.5,108,경마공원 → 대공원
4,경마공원,선바위,UP,DAY,1.5,0.04,1.5,2.0,125,경마공원 → 선바위
4,경마공원,선바위,UP,END,1.5,0.0,1.5,1.5,109,경마공원 → 선바위
4,경마공원,선바위,UP,SAT,1.5,0.0,1.5,1.5,109,경마공원 → 선바위
4,고잔,중앙,UP,DAY,1.5,0.0,1.5,1.5,122,고잔 → 중앙
4,고잔,중앙,UP,END,1.5,0.0,1.5,1.5,110,고잔 → 중앙
4,고잔,중앙,UP,SAT,1.5,0.0,1.5,1.5,110,고잔 → 중앙
4,고잔,초지,DOWN,DAY,2.0,0.0,2.0,2.0,121,고잔 → 초지
4,고잔,초지,DOWN,END,2.0,0.0,2.0,2.0,108,고잔 → 초지
4,고잔,초지,DOWN,SAT,2.0,0.0,2.0,2.0,108,고잔 → 초지
4,과천,대공원,UP,DAY,1.5,0.04,1.5,2.0,125,과천 → 대공원
4,과천,대공원,UP,END,1.5,0.0,1.5,1.5,109,과천 → 대공원
4,과천,대공원,UP,SAT,1.5,0.0,1.5,1.5,109,과천 → 대공원
4,과천,정부과천청사,DOWN,DAY,1.5,0.0,1.5,1.5,125,과천 → 정부과천청사
4,과천,정부과천청사,DOWN,END,1.5,0.0,1.5,1.5,108,과천 → 정부과천청사
4,과천,정부과천청사,DOWN,SAT,1.5,0.0,1.5,1.5,108,과천 → 정부과천청사
4,금정,범계,UP,DAY,3.0,0.04,3.0,3.5,125,금정 → 범계
4,금정,범계,UP,END,3.0,0.0,3.0,3.0,109,금정 → 범계
4,금정,범계,UP,SAT,3.0,0.0,3.0,3.0,109,금정 → 범계
4,금정,산본,DOWN,DAY,4.0,0.0,4.0,4.0,124,금정 → 산본
4,금정,산본,DOWN,END,4.0,0.0,4.0,4.0,107,금정 → 산본
4,금정,산본,DOWN,SAT,4.0,0.0,4.0,4.0,107,금정 → 산본
4,길음,미아사거리,UP,DAY,2.0,0.03,1.5,2.0,230,길음 → 미아사거리
4,길음,미아사거리,UP,END,2.0,0.0,2.0,2.0,195,길음 → 미아사거리
4,길음,미아사거리,UP,SAT,2.0,0.0,2.0,2.0,195,길음 → 미아사거리
4,길음,성신여대입구,DOWN,DAY,2.0,0.0,2.0,2.0,233,길음 → 성신여대입구
4,길음,성신여대입구,DOWN,END,2.0,0.0,2.0,2.0,195,길음 → 성신여대입구
4,길음,성신여대입구,DOWN,SAT,2.0,0.0,2.0,2.0,195,길음 → 성신여대입구
4,남태령,사당,UP,DAY,2.0,0.0,2.0,2.0,125,남태령 → 사당
4,남태령,사당,UP,END,2.0,0.0,2.0,2.0,109,남태령 → 사당
4,남태령,사당,UP,SAT,2.0,0.0,2.0,2.0,109,남태령 → 사당
4,남태령,선바위,DOWN,DAY,2.5,0.0,2.5,2.5,125,남태령 → 선바위
4,남태령,선바위,DOWN,END,2.5,0.0,2.5,2.5,108,남태령 → 선바위
4,남태령,선바위,DOWN,SAT,2.5,0.0,2.5,2.5,108,남태령 → 선바위
4,노원,상계,UP,DAY,1.5,0.0,1.5,1.5,229,노원 → 상계
4,노원,상계,UP,END,1.5,0.0,1.5,1.5,194,노원 → 상계
4,노원,상계,UP,SAT,1.5,0.0,1.5,1.5,194,노원 → 상계
4,노원,창동,DOWN,DAY,1.5,0.0,1.5,1.5,222,노원 → 창동
4,노원,창동,DOWN,END,1.5,0.0,1.5,1.5,194,노원 → 창동
4,노원,창동,DOWN,SAT,1.5,0.0,1.5,1.5,194,노원 → 창동
4,대공원,경마공원,UP,DAY,1.5,0.0,1.5,1.5,125,대공원 → 경마공원
4,대공원,경마공원,UP,END,1.5,0.0,1.5,1.5,109,대공원 → 경마공원
4,대공원,경마공원,UP,SAT,1.5,0.0,1.5,1.5,109,대공원 → 경마공원
4,대공원,과천,DOWN,DAY,1.5,0.0,1.5,1.5,125,대공원 → 과천
4,대공원,과천,DOWN,END,1.5,0.0,1.5,1.5,108,대공원 → 과천
4,대공원,과천,DOWN,SAT,1.5,0.0,1.5,1.5,108,대공원 → 과천
4,대야미,반월,DOWN,DAY,2.0,0.0,2.0,2.0,122,대야미 → 반월
4,대야미,반월,DOWN,END,2.0,0.0,2.0,2.0,109,대야미 → 반월
4,대야미,반월,DOWN,SAT,2.0,0.0,2.0,2.0,109,대야미 → 반월
4,대야미,수리산,UP,DAY,3.0,0.0,3.0,3.0,122,대야미 → 수리산
4,대야미,수리산,UP,END,3.0,0.0,3.0,3.0,110,대야미 → 수리산
4,대야미,수리산,UP,SAT,3.0,0.0,3.0,3.0,110,대야미 → 수리산
4,동대문,동대문역사문화공원,DOWN,DAY,1.0,0.0,1.0,1.0,234,동대문 → 동대문역사문화공원
4,동대문,동대문역사문화공원,DOWN,END,1.0,0.0,1.0,1.0,196,동대문 → 동대문역사문화공원
4,동대문,동대문역사문화공원,DOWN,SAT,1.0,0.0,1.0,1.0,196,동대문 → 동대문역사문화공원
4,동대문,혜화,UP,DAY,2.0,0.0,2.0,2.0,231,동대문 → 혜화
4,동대문,혜화,UP,END,2.0,0.0,2.0,2.0,196,동대문 → 혜화
4,동대문,혜화,UP,SAT,2.0,0.0,2.0,2.0,196,동대문 → 혜화
4,동대문역사문화공원,동대문,UP,DAY,1.0,0.0,1.0,1.0,231,동대문역사문화공원 → 동대문
4,동대문역사문화공원,동대문,UP,END,1.0,0.0,1.0,1.0,196,동대문역사문화공원 → 동대문
4,동대문역사문화공원,동대문,UP,SAT,1.0,0.0,1.0,1.0,196,동대문역사문화공원 → 동대문
4,동대문역사문화공원,충무로,DOWN,DAY,2.0,0.0,2.0,2.0,234,동대문역사문화공원 → 충무로
4,동대문역사문화공원,충무로,DOWN,END,2.0,0.0,2.0,2.0,196,동대문역사문화공원 → 충무로
4,동대문역사문화공원,충무로,DOWN,SAT,2.0,0.0,2.0,2.0,196,동대문역사문화공원 → 충무로
4,동작,이촌,UP,DAY,3.0,0.0,3.0,3.0,233,동작 → 이촌
4,동작,이촌,UP,END,3.0,0.0,3.0,3.0,195,동작 → 이촌
4,동작,이촌,UP,SAT,3.0,0.0,3.0,3.0,195,동작 → 이촌
4,동작,총신대입구,DOWN,DAY,2.5,0.0,2.5,2.5,232,동작 → 총신대입구
4,동작,총신대입구,DOWN,END,2.5,0.0,2.5,2.5,195,동작 → 총신대입구
4,동작,총신대입구,DOWN,SAT,2.5,0.0,2.5,2.5,195,동작 → 총신대입구
4,명동,충무로,UP,DAY,1.0,0.0,1.0,1.0,232,명동 → 충무로
4,명동,충무로,UP,END,1.0,0.0,1.0,1.0,196,명동 → 충무로
4,명동,충무로,UP,SAT,1.0,0.0,1.0,1.0,196,명동 → 충무로
4,명동,회현,DOWN,DAY,1.0,0.0,1.0,1.0,233,명동 → 회현
4,명동,회현,DOWN,END,1.0,0.0,1.0,1.0,196,명동 → 회현
4,명동,회현,DOWN,SAT,1.0,0.0,1.0,1.0,196,명동 → 회현
4,미아,미아사거리,DOWN,DAY,2.0,0.0,2.0,2.0,233,미아 → 미아사거리
4,미아,미아사거리,DOWN,END,2.0,0.0,2.0,2.0,195,미아 → 미아사거리
4,미아,미아사거리,DOWN,SAT,2.0,0.0,2.0,2.0,195,미아 → 미아사거리
4,미아,수유,UP,DAY,1.5,0.0,1.5,1.5,230,미아 → 수유
4,미아,수유,UP,END,1.5,0.0,1.5,1.5,195,미아 → 수유
4,미아,수유,UP,SAT,1.5,0.0,1.5,1.5,195,미아 → 수유
4,미아사거리,길음,DOWN,DAY,2.0,0.0,2.0,2.0,233,미아사거리 → 길음
4,미아사거리,길음,DOWN,END,2.0,0.0,2.0,2.0,195,미아사거리 → 길음
4,미아사거리,길음,DOWN,SAT,2.0,0.0,2.0,2.0,195,미아사거리 → 길음
4,미아사거리,미아,UP,DAY,2.0,0.0,2.0,2.0,230,미아사거리 → 미아
4,미아사거리,미아,UP,END,2.0,0.0,2.0,2.0,195,미아사거리 → 미아
4,미아사거리,미아,UP,SAT,2.0,0.0,2.0,2.0,195,미아사거리 → 미아
4,반월,대야미,UP,DAY,2.0,0.0,2.0,2.0,122,반월 → 대야미
4,반월,대야미,UP,END,2.0,0.0,2.0,2.0,110,반월 → 대야미
4,반월,대야미,UP,SAT,2.0,0.0,2.0,2.0,110,반월 → 대야미
4,반월,상록수,DOWN,DAY,3.0,0.0,3.0,3.0,122,반월 → 상록수
4,반월,상록수,DOWN,END,3.0,0.0,3.0,3.0,109,반월 → 상록수
4,반월,상록수,DOWN,SAT,3.0,0.0,3.0,3.0,109,반월 → 상록수
4,범계,금정,DOWN,DAY,3.0,0.0,3.0,3.0,124,범계 → 금정
4,범계,금정,DOWN,END,3.0,0.0,3.0,3.0,107,범계 → 금정
4,범계,금정,DOWN,SAT,3.0,0.0,3.0,3.0,107,범계 → 금정
4,범계,평촌,UP,DAY,1.5,0.04,1.5,2.0,125,범계 → 평촌
4,범계,평촌,UP,END,1.5,0.0,1.5,1.5,109,범계 → 평촌
4,범계,평촌,UP,SAT,1.5,0.0,1.5,1.5,109,범계 → 평촌
4,별내별가람,불암산,DOWN,DAY,5.0,0.0,5.0,5.0,76,별내별가람 → 불암산
4,별내별가람,불암산,DOWN,END,5.0,0.0,5.0,5.0,59,별내별가람 → 불암산
4,별내별가람,불암산,DOWN,SAT,5.0,0.0,5.0,5.0,59,별내별가람 → 불암산
4,별내별가람,오남,UP,DAY,6.5,0.0,6.5,6.5,76,별내별가람 → 오남
4,별내별가람,오남,UP,END,6.5,0.0,6.5,6.5,59,별내별가람 → 오남
4,별내별가람,오남,UP,SAT,6.5,0.0,6.5,6.5,59,별내별가람 → 오남
4,불암산,별내별가람,UP,DAY,4.99,0.06,4.5,5.0,69,불암산 → 별내별가람
4,불암산,별내별가람,UP,END,5.0,0.0,5.0,5.0,51,불암산 → 별내별가람
4,불암산,별내별가람,UP,SAT,5.0,0.0,5.0,5.0,51,불암산 → 별내별가람
4,불암산,상계,DOWN,DAY,2.5,0.0,2.5,2.5,76,불암산 → 상계
4,불암산,상계,DOWN,END,2.5,0.0,2.5,2.5,57,불암산 → 상계
4,불암산,상계,DOWN,SAT,2.5,0.0,2.5,2.5,57,불암산 → 상계
4,사당,남태령,DOWN,DAY,2.0,0.0,2.0,2.0,124,사당 → 남태령
4,사당,남태령,DOWN,END,2.0,0.0,2.0,2.0,108,사당 → 남태령
4,사당,남태령,DOWN,SAT,2.0,0.0,2.0,2.0,108,사당 → 남태령
4,사당,총신대입구,UP,DAY,1.5,0.0,1.5,1.5,125,사당 → 총신대입구
4,사당,총신대입구,UP,END,1.5,0.0,1.5,1.5,109,사당 → 총신대입구
4,사당,총신대입구,UP,SAT,1.5,0.0,1.5,1.5,109,사당 → 총신대입구
4,산본,금정,UP,DAY,4.01,0.06,4.0,4.5,125,산본 → 금정
4,산본,금정,UP,END,4.0,0.0,4.0,4.0,109,산본 → 금정
4,산본,금정,UP,SAT,4.0,0.0,4.0,4.0,109,산본 → 금정
4,산본,상록수,DOWN,DAY,8.0,0.0,8.0,8.0,3,산본 → 상록수
4,산본,수리산,DOWN,DAY,1.5,0.0,1.5,1.5,122,산본 → 수리산
4,산본,수리산,DOWN,END,1.5,0.0,1.5,1.5,109,산본 → 수리산
4,산본,수리산,DOWN,SAT,1.5,0.0,1.5,1.5,109,산본 → 수리산
4,삼각지,숙대입구,UP,DAY,1.5,0.0,1.5,1.5,232,삼각지 → 숙대입구
4,삼각지,숙대입구,UP,END,1.5,0.0,1.5,1.5,195,삼각지 → 숙대입구
4,삼각지,숙대입구,UP,SAT,1.5,0.0,1.5,1.5,195,삼각지 → 숙대입구
4,삼각지,신용산,DOWN,DAY,1.0,0.0,1.0,1.0,233,삼각지 → 신용산
4,삼각지,신용산,DOWN,END,1.0,0.0,1.0,1.0,195,삼각지 → 신용산
4,삼각지,신용산,DOWN,SAT,1.0,0.0,1.0,1.0,195,삼각지 → 신용산
4,상계,노원,DOWN,DAY,1.5,0.0,1.5,1.5,222,상계 → 노원
4,상계,노원,DOWN,END,1.5,0.0,1.5,1.5,194,상계 → 노원
4,상계,노원,DOWN,SAT,1.5,0.0,1.5,1.5,194,상계 → 노원
4,상계,불암산,UP,DAY,2.49,0.07,2.0,2.5,228,상계 → 불암산
4,상계,불암산,UP,END,2.5,0.0,2.5,2.5,193,상계 → 불암산
4,상계,불암산,UP,SAT,2.5,0.0,2.5,2.5,193,상계 → 불암산
4,상록수,반월,UP,DAY,3.01,0.08,3.0,3.5,126,상록수 → 반월
4,상록수,반월,UP,END,3.0,0.0,3.0,3.0,110,상록수 → 반월
4,상록수,반월,UP,SAT,3.0,0.0,3.0,3.0,110,상록수 → 반월
4,상록수,중앙,DOWN,DAY,3.5,0.0,3.5,3.5,3,상록수 → 중앙
4,상록수,한대앞,DOWN,DAY,1.5,0.0,1.5,1.5,122,상록수 → 한대앞
4,상록수,한대앞,DOWN,END,1.5,0.0,1.5,1.5,109,상록수 → 한대앞
4,상록수,한대앞,DOWN,SAT,1.5,0.0,1.5,1.5,109,상록수 → 한대앞
4,서울역,숙대입구,DOWN,DAY,1.5,0.0,1.5,1.5,233,서울역 → 숙대입구
4,서울역,숙대입구,DOWN,END,1.5,0.0,1.5,1.5,195,서울역 → 숙대입구
4,서울역,숙대입구,DOWN,SAT,1.5,0.0,1.5,1.5,195,서울역 → 숙대입구
4,서울역,회현,UP,DAY,1.5,0.0,1.5,1.5,232,서울역 → 회현
4,서울역,회현,UP,END,1.5,0.0,1.5,1.5,195,서울역 → 회현
4,서울역,회현,UP,SAT,1.5,0.0,1.5,1.5,195,서울역 → 회현
4,선바위,경마공원,DOWN,DAY,1.5,0.0,1.5,1.5,125,선바위 → 경마공원
4,선바위,경마공원,DOWN,END,1.5,0.0,1.5,1.5,108,선바위 → 경마공원
4,선바위,경마공원,DOWN,SAT,1.5,0.0,1.5,1.5,108,선바위 → 경마공원
4,선바위,남태령,UP,DAY,2.5,0.0,2.5,2.5,125,선바위 → 남태령
4,선바위,남태령,UP,END,2.5,0.0,2.5,2.5,109,선바위 → 남태령
4,선바위,남태령,UP,SAT,2.5,0.0,2.5,2.5,109,선바위 → 남태령
4,성신여대입구,길음,UP,DAY,2.0,0.0,2.0,2.0,230,성신여대입구 → 길음
4,성신여대입구,길음,UP,END,2.0,0.0,2.0,2.0,195,성신여대입구 → 길음
4,성신여대입구,길음,UP,SAT,2.0,0.0,2.0,2.0,195,성신여대입구 → 길음
4,성신여대입구,한성대입구,DOWN,DAY,1.5,0.0,1.5,1.5,233,성신여대입구 → 한성대입구
4,성신여대입구,한성대입구,DOWN,END,1.5,0.0,1.5,1.5,195,성신여대입구 → 한성대입구
4,성신여대입구,한성대입구,DOWN,SAT,1.5,0.0,1.5,1.5,195,성신여대입구 → 한성대입구
4,수리산,대야미,DOWN,DAY,3.0,0.0,3.0,3.0,122,수리산 → 대야미
4,수리산,대야미,DOWN,END,3.0,0.0,3.0,3.0,109,수리산 → 대야미
4,수리산,대야미,DOWN,SAT,3.0,0.0,3.0,3.0,109,수리산 → 대야미
4,수리산,산본,UP,DAY,1.5,0.0,1.5,1.5,121,수리산 → 산본
4,수리산,산본,UP,END,1.5,0.0,1.5,1.5,110,수리산 → 산본
4,수리산,산본,UP,SAT,1.5,0.0,1.5,1.5,110,수리산 → 산본
4,수유,미아,DOWN,DAY,1.5,0.0,1.5,1.5,233,수유 → 미아
4,수유,미아,DOWN,END,1.5,0.0,1.5,1.5,195,수유 → 미아
4,수유,미아,DOWN,SAT,1.5,0.0,1.5,1.5,195,수유 → 미아
4,수유,쌍문,UP,DAY,2.0,0.0,2.0,2.0,230,수유 → 쌍문
4,수유,쌍문,UP,END,2.0,0.0,2.0,2.0,195,수유 → 쌍문
4,수유,쌍문,UP,SAT,2.0,0.0,2.0,2.0,195,수유 → 쌍문
4,숙대입구,삼각지,DOWN,DAY,1.5,0.0,1.5,1.5,233,숙대입구 → 삼각지
4,숙대입구,삼각지,DOWN,END,1.5,0.0,1.5,1.5,195,숙대입구 → 삼각지
4,숙대입구,삼각지,DOWN,SAT,1.5,0.0,1.5,1.5,195,숙대입구 → 삼각지
4,숙대입구,서울역,UP,DAY,1.5,0.0,1.5,1.5,232,숙대입구 → 서울역
4,숙대입구,서울역,UP,END,1.5,0.0,1.5,1.5,195,숙대입구 → 서울역
4,숙대입구,서울역,UP,SAT,1.5,0.0,1.5,1.5,195,숙대입구 → 서울역
4,신길온천,안산,UP,DAY,2.51,0.07,2.5,3.0,106,신길온천 → 안산
4,신길온천,안산,UP,END,2.5,0.0,2.5,2.5,95,신길온천 → 안산
4,신길온천,안산,UP,SAT,2.5,0.0,2.5,2.5,95,신길온천 → 안산
4,신길온천,정왕,DOWN,DAY,2.5,0.0,2.5,2.5,106,신길온천 → 정왕
4,신길온천,정왕,DOWN,END,2.5,0.0,2.5,2.5,93,신길온천 → 정왕
4,신길온천,정왕,DOWN,SAT,2.5,0.0,2.5,2.5,93,신길온천 → 정왕
4,신용산,삼각지,UP,DAY,1.0,0.0,1.0,1.0,232,신용산 → 삼각지
4,신용산,삼각지,UP,END,1.0,0.0,1.0,1.0,195,신용산 → 삼각지
4,신용산,삼각지,UP,SAT,1.0,0.0,1.0,1.0,195,신용산 → 삼각지
4,신용산,이촌,DOWN,DAY,2.0,0.0,2.0,2.0,233,신용산 → 이촌
4,신용산,이촌,DOWN,END,2.0,0.0,2.0,2.0,195,신용산 → 이촌
4,신용산,이촌,DOWN,SAT,2.0,0.0,2.0,2.0,195,신용산 → 이촌
4,쌍문,수유,DOWN,DAY,2.0,0.0,2.0,2.0,234,쌍문 → 수유
4,쌍문,수유,DOWN,END,2.0,0.0,2.0,2.0,195,쌍문 → 수유
4,쌍문,수유,DOWN,SAT,2.0,0.0,2.0,2.0,195,쌍문 → 수유
4,쌍문,창동,UP,DAY,2.0,0.03,1.5,2.0,229,쌍문 → 창동
4,쌍문,창동,UP,END,2.0,0.0,2.0,2.0,194,쌍문 → 창동
4,쌍문,창동,UP,SAT,2.0,0.0,2.0,2.0,194,쌍문 → 창동
4,안산,신길온천,DOWN,DAY,2.5,0.0,2.5,2.5,105,안산 → 신길온천
4,안산,신길온천,DOWN,END,2.5,0.0,2.5,2.5,94,안산 → 신길온천
4,안산,신길온천,DOWN,SAT,2.5,0.0,2.5,2.5,94,안산 → 신길온천
4,안산,정왕,DOWN,DAY,4.0,0.0,4.0,4.0,3,안산 → 정왕
4,안산,초지,UP,DAY,2.02,0.1,2.0,2.5,110,안산 → 초지
4,안산,초지,UP,END,2.0,0.0,2.0,2.0,95,안산 → 초지
4,안산,초지,UP,SAT,2.0,0.0,2.0,2.0,95,안산 → 초지
4,오남,별내별가람,DOWN,DAY,6.5,0.0,6.5,6.5,76,오남 → 별내별가람
4,오남,별내별가람,DOWN,END,6.5,0.0,6.5,6.5,59,오남 → 별내별가람
4,오남,별내별가람,DOWN,SAT,6.5,0.0,6.5,6.5,59,오남 → 별내별가람
4,오남,진접,UP,DAY,2.5,0.0,2.5,2.5,75,오남 → 진접
4,오남,진접,UP,END,2.5,0.0,2.5,2.5,59,오남 → 진접
4,오남,진접,UP,SAT,2.5,0.0,2.5,2.5,59,오남 → 진접
4,이촌,동작,DOWN,DAY,3.0,0.0,3.0,3.0,232,이촌 → 동작
4,이촌,동작,DOWN,END,3.0,0.0,3.0,3.0,195,이촌 → 동작
4,이촌,동작,DOWN,SAT,3.0,0.0,3.0,3.0,195,이촌 → 동작
4,이촌,신용산,UP,DAY,2.0,0.0,2.0,2.0,233,이촌 → 신용산
4,이촌,신용산,UP,END,2.0,0.0,2.0,2.0,195,이촌 → 신용산
4,이촌,신용산,UP,SAT,2.0,0.0,2.0,2.0,195,이촌 → 신용산
4,인덕원,정부과천청사,UP,DAY,3.0,0.0,3.0,3.0,125,인덕원 → 정부과천청사
4,인덕원,정부과천청사,UP,END,3.0,0.0,3.0,3.0,109,인덕원 → 정부과천청사
4,인덕원,정부과천청사,UP,SAT,3.0,0.0,3.0,3.0,109,인덕원 → 정부과천청사
4,인덕원,평촌,DOWN,DAY,2.0,0.0,2.0,2.0,124,인덕원 → 평촌
4,인덕원,평촌,DOWN,END,2.0,0.0,2.0,2.0,108,인덕원 → 평촌
4,인덕원,평촌,DOWN,SAT,2.0,0.0,2.0,2.0,108,인덕원 → 평촌
4,정부과천청사,과천,UP,DAY,1.5,0.04,1.5,2.0,125,정부과천청사 → 과천
4,정부과천청사,과천,UP,END,1.5,0.0,1.5,1.5,109,정부과천청사 → 과천
4,정부과천청사,과천,UP,SAT,1.5,0.0,1.5,1.5,109,정부과천청사 → 과천
4,정부과천청사,인덕원,DOWN,DAY,3.0,0.0,3.0,3.0,124,정부과천청사 → 인덕원
4,정부과천청사,인덕원,DOWN,END,3.0,0.0,3.0,3.0,108,정부과천청사 → 인덕원
4,정부과천청사,인덕원,DOWN,SAT,3.0,0.0,3.0,3.0,108,정부과천청사 → 인덕원
4,정왕,신길온천,UP,DAY,2.48,0.09,2.0,2.5,110,정왕 → 신길온천
4,정왕,신길온천,UP,END,2.5,0.0,2.5,2.5,95,정왕 → 신길온천
4,정왕,신길온천,UP,SAT,2.5,0.0,2.5,2.5,95,정왕 → 신길온천
4,정왕,오이도,DOWN,DAY,2.49,0.1,2.0,3.0,109,정왕 → 오이도
4,정왕,오이도,DOWN,END,2.5,0.0,2.5,2.5,93,정왕 → 오이도
4,정왕,오이도,DOWN,SAT,2.5,0.0,2.5,2.5,93,정왕 → 오이도
4,중앙,고잔,DOWN,DAY,1.5,0.0,1.5,1.5,121,중앙 → 고잔
4,중앙,고잔,DOWN,END,1.5,0.0,1.5,1.5,108,중앙 → 고잔
4,중앙,고잔,DOWN,SAT,1.5,0.0,1.5,1.5,108,중앙 → 고잔
4,중앙,초지,DOWN,DAY,3.0,0.0,3.0,3.0,3,중앙 → 초지
4,중앙,한대앞,UP,DAY,2.0,0.0,2.0,2.0,126,중앙 → 한대앞
4,중앙,한대앞,UP,END,2.0,0.0,2.0,2.0,110,중앙 → 한대앞
4,중앙,한대앞,UP,SAT,2.0,0.0,2.0,2.0,110,중앙 → 한대앞
4,창동,노원,UP,DAY,1.5,0.0,1.5,1.5,229,창동 → 노원
4,창동,노원,UP,END,1.5,0.0,1.5,1.5,194,창동 → 노원
4,창동,노원,UP,SAT,1.5,0.0,1.5,1.5,194,창동 → 노원
4,창동,쌍문,DOWN,DAY,2.0,0.0,2.0,2.0,223,창동 → 쌍문
4,창동,쌍문,DOWN,END,2.0,0.0,2.0,2.0,195,창동 → 쌍문
4,창동,쌍문,DOWN,SAT,2.0,0.0,2.0,2.0,195,창동 → 쌍문
4,초지,고잔,UP,DAY,1.98,0.09,1.5,2.0,126,초지 → 고잔
4,초지,고잔,UP,END,2.0,0.0,2.0,2.0,110,초지 → 고잔
4,초지,고잔,UP,SAT,2.0,0.0,2.0,2.0,110,초지 → 고잔
4,초지,안산,DOWN,DAY,2.02,0.09,2.0,2.5,124,초지 → 안산
4,초지,안산,DOWN,END,2.0,0.0,2.0,2.0,108,초지 → 안산
4,초지,안산,DOWN,SAT,2.0,0.0,2.0,2.0,108,초지 → 안산
4,총신대입구,동작,UP,DAY,2.5,0.0,2.5,2.5,233,총신대입구 → 동작
4,총신대입구,동작,UP,END,2.5,0.0,2.5,2.5,195,총신대입구 → 동작
4,총신대입구,동작,UP,SAT,2.5,0.0,2.5,2.5,195,총신대입구 → 동작
4,총신대입구,사당,DOWN,DAY,1.5,0.0,1.5,1.5,232,총신대입구 → 사당
4,총신대입구,사당,DOWN,END,1.5,0.0,1.5,1.5,194,총신대입구 → 사당
4,총신대입구,사당,DOWN,SAT,1.5,0.0,1.5,1.5,194,총신대입구 → 사당
4,충무로,동대문역사문화공원,UP,DAY,2.0,0.0,2.0,2.0,232,충무로 → 동대문역사문화공원
4,충무로,동대문역사문화공원,UP,END,2.0,0.0,2.0,2.0,196,충무로 → 동대문역사문화공원
4,충무로,동대문역사문화공원,UP,SAT,2.0,0.0,2.0,2.0,196,충무로 → 동대문역사문화공원
4,충무로,명동,DOWN,DAY,1.0,0.0,1.0,1.0,233,충무로 → 명동
4,충무로,명동,DOWN,END,1.0,0.0,1.0,1.0,196,충무로 → 명동
4,충무로,명동,DOWN,SAT,1.0,0.0,1.0,1.0,196,충무로 → 명동
4,평촌,범계,DOWN,DAY,1.5,0.0,1.5,1.5,124,평촌 → 범계
4,평촌,범계,DOWN,END,1.5,0.0,1.5,1.5,108,평촌 → 범계
4,평촌,범계,DOWN,SAT,1.5,0.0,1.5,1.5,108,평촌 → 범계
4,평촌,인덕원,UP,DAY,2.0,0.0,2.0,2.0,125,평촌 → 인덕원
4,평촌,인덕원,UP,END,2.0,0.0,2.0,2.0,109,평촌 → 인덕원
4,평촌,인덕원,UP,SAT,2.0,0.0,2.0,2.0,109,평촌 → 인덕원
4,한대앞,상록수,UP,DAY,1.5,0.0,1.5,1.5,122,한대앞 → 상록수
4,한대앞,상록수,UP,END,1.5,0.0,1.5,1.5,110,한대앞 → 상록수
4,한대앞,상록수,UP,SAT,1.5,0.0,1.5,1.5,110,한대앞 → 상록수
4,한대앞,중앙,DOWN,DAY,2.0,0.0,2.0,2.0,122,한대앞 → 중앙
4,한대앞,중앙,DOWN,END,2.0,0.0,2.0,2.0,108,한대앞 → 중앙
4,한대앞,중앙,DOWN,SAT,2.0,0.0,2.0,2.0,108,한대앞 → 중앙
4,한성대입구,성신여대입구,UP,DAY,1.5,0.0,1.5,1.5,231,한성대입구 → 성신여대입구
4,한성대입구,성신여대입구,UP,END,1.5,0.0,1.5,1.5,195,한성대입구 → 성신여대입구
4,한성대입구,성신여대입구,UP,SAT,1.5,0.0,1.5,1.5,195,한성대입구 → 성신여대입구
4,한성대입구,혜화,DOWN,DAY,1.5,0.0,1.5,1.5,233,한성대입구 → 혜화
4,한성대입구,혜화,DOWN,END,1.5,0.0,1.5,1.5,195,한성대입구 → 혜화
4,한성대입구,혜화,DOWN,SAT,1.5,0.0,1.5,1.5,195,한성대입구 → 혜화
4,혜화,동대문,DOWN,DAY,2.0,0.0,2.0,2.0,234,혜화 → 동대문
4,혜화,동대문,DOWN,END,2.0,0.0,2.0,2.0,196,혜화 → 동대문
4,혜화,동대문,DOWN,SAT,2.0,0.0,2.0,2.0,196,혜화 → 동대문
4,혜화,한성대입구,UP,DAY,1.5,0.0,1.5,1.5,231,혜화 → 한성대입구
4,혜화,한성대입구,UP,END,1.5,0.0,1.5,1.5,195,혜화 → 한성대입구
4,혜화,한성대입구,UP,SAT,1.5,0.0,1.5,1.5,195,혜화 → 한성대입구
4,회현,명동,UP,DAY,1.0,0.0,1.0,1.0,232,회현 → 명동
4,회현,명동,UP,END,1.0,0.0,1.0,1.0,196,회현 → 명동
4,회현,명동,UP,SAT,1.0,0.0,1.0,1.0,196,회현 → 명동
4,회현,서울역,DOWN,DAY,1.5,0.0,1.5,1.5,233,회현 → 서울역
4,회현,서울역,DOWN,END,1.5,0.0,1.5,1.5,195,회현 → 서울역
4,회현,서울역,DOWN,SAT,1.5,0.0,1.5,1.5,195,회현 → 서울역
5,강동,길동,DOWN,DAY,1.5,0.0,1.5,1.5,97,강동 → 길동
5,강동,길동,DOWN,END,1.5,0.0,1.5,1.5,82,강동 → 길동
5,강동,길동,DOWN,SAT,1.5,0.0,1.5,1.5,82,강동 → 길동
5,강동,둔촌동,DOWN,DAY,1.83,0.0,1.83,1.83,95,강동 → 둔촌동
5,강동,둔촌동,DOWN,END,1.83,0.0,1.83,1.83,80,강동 → 둔촌동
5,강동,둔촌동,DOWN,SAT,1.83,0.0,1.83,1.83,80,강동 → 둔촌동
5,강동,천호,UP,DAY,1.17,0.02,1.17,1.5,194,강동 → 천호
5,강동,천호,UP,END,1.17,0.0,1.17,1.17,162,강동 → 천호
5,강동,천호,UP,SAT,1.17,0.0,1.17,1.17,162,강동 → 천호
5,강일,미사,DOWN,DAY,1.83,0.0,1.83,1.83,93,강일 → 미사
5,강일,미사,DOWN,END,1.83,0.0,1.83,1.83,81,강일 → 미사
5,강일,미사,DOWN,SAT,1.83,0.0,1.83,1.83,81,강일 → 미사
5,강일,상일동,UP,DAY,1.83,0.0,1.83,1.83,90,강일 → 상일동
5,강일,상일동,UP,END,1.83,0.0,1.83,1.83,77,강일 → 상일동
5,강일,상일동,UP,SAT,1.83,0.0,1.83,1.83,77,강일 → 상일동
5,개롱,거여,DOWN,DAY,1.33,0.0,1.33,1.33,111,개롱 → 거여
5,개롱,거여,DOWN,END,1.33,0.0,1.33,1.33,85,개롱 → 거여
5,개롱,거여,DOWN,SAT,1.33,0.0,1.33,1.33,85,개롱 → 거여
5,개롱,오금,UP,DAY,1.17,0.0,1.17,1.17,97,개롱 → 오금
5,개롱,오금,UP,END,1.17,0.0,1.17,1.17,81,개롱 → 오금
5,개롱,오금,UP,SAT,1.17,0.0,1.17,1.17,81,개롱 → 오금
5,개화산,김포공항,DOWN,DAY,1.67,0.0,1.67,1.67,195,개화산 → 김포공항
5,개화산,김포공항,DOWN,END,1.67,0.0,1.67,1.67,158,개화산 → 김포공항
5,개화산,김포공항,DOWN,SAT,1.67,0.0,1.67,1.67,158,개화산 → 김포공항
5,개화산,도림천,DOWN,END,1.0,,1.0,1.0,1,개화산 → 도림천
5,개화산,도림천,DOWN,SAT,1.0,,1.0,1.0,1,개화산 → 도림천
5,개화산,방화,UP,DAY,1.5,0.0,1.5,1.5,193,개화산 → 방화
5,개화산,방화,UP,END,1.5,0.0,1.5,1.5,160,개화산 → 방화
5,개화산,방화,UP,SAT,1.5,0.0,1.5,1.5,160,개화산 → 방화
5,개화산,신정네거리,DOWN,END,0.5,,0.5,0.5,1,개화산 → 신정네거리
5,개화산,신정네거리,DOWN,SAT,0.5,,0.5,0.5,1,개화산 → 신정네거리
5,개화산,양천구청,DOWN,END,1.0,,1.0,1.0,1,개화산 → 양천구청
5,개화산,양천구청,DOWN,SAT,1.0,,1.0,1.0,1,개화산 → 양천구청
5,거여,개롱,UP,DAY,1.33,0.0,1.33,1.33,97,거여 → 개롱
5,거여,개롱,UP,END,1.33,0.0,1.33,1.33,81,거여 → 개롱
5,거여,개롱,UP,SAT,1.33,0.0,1.33,1.33,81,거여 → 개롱
5,거여,마천,DOWN,DAY,1.5,0.0,1.5,1.5,111,거여 → 마천
5,거여,마천,DOWN,END,1.5,0.0,1.5,1.5,85,거여 → 마천
5,거여,마천,DOWN,SAT,1.5,0.0,1.5,1.5,85,거여 → 마천
5,고덕,명일,UP,DAY,1.67,0.0,1.67,1.67,104,고덕 → 명일
5,고덕,명일,UP,END,1.67,0.0,1.67,1.67,82,고덕 → 명일
5,고덕,명일,UP,SAT,1.67,0.0,1.67,1.67,82,고덕 → 명일
5,고덕,상일동,DOWN,DAY,1.67,0.0,1.67,1.67,99,고덕 → 상일동
5,고덕,상일동,DOWN,END,1.67,0.0,1.67,1.67,84,고덕 → 상일동
5,고덕,상일동,DOWN,SAT,1.67,0.0,1.67,1.67,84,고덕 → 상일동
5,공덕,까치산,UP,DAY,1.0,,1.0,1.0,1,공덕 → 까치산
5,공덕,도림천,DOWN,END,1.67,,1.67,1.67,1,공덕 → 도림천
5,공덕,도림천,DOWN,SAT,1.67,,1.67,1.67,1,공덕 → 도림천
5,공덕,도림천,UP,DAY,0.33,0.29,0.17,0.67,3,공덕 → 도림천
5,공덕,마포,UP,DAY,1.17,0.0,1.17,1.17,189,공덕 → 마포
5,공덕,마포,UP,END,1.17,0.0,1.17,1.17,163,공덕 → 마포
5,공덕,마포,UP,SAT,1.17,0.0,1.17,1.17,163,공덕 → 마포
5,공덕,신정네거리,DOWN,DAY,58.17,,58.17,58.17,1,공덕 → 신정네거리
5,공덕,신정네거리,DOWN,END,19.3,15.46,0.17,46.67,17,공덕 → 신정네거리
5,공덕,신정네거리,DOWN,SAT,19.3,15.46,0.17,46.67,17,공덕 → 신정네거리
5,공덕,애오개,DOWN,DAY,1.33,0.0,1.33,1.33,5,공덕 → 애오개
5,공덕,양천구청,DOWN,END,0.67,,0.67,0.67,1,공덕 → 양천구청
5,공덕,양천구청,DOWN,SAT,0.67,,0.67,0.67,1,공덕 → 양천구청
5,공덕,양천구청,UP,DAY,1.17,0.0,1.17,1.17,2,공덕 → 양천구청
5,광나루,아차산,UP,DAY,1.83,0.0,1.83,1.83,195,광나루 → 아차산
5,광나루,아차산,UP,END,1.83,0.0,1.83,1.83,162,광나루 → 아차산
5,광나루,아차산,UP,SAT,1.83,0.0,1.83,1.83,162,광나루 → 아차산
5,광나루,천호,DOWN,DAY,2.17,0.0,2.17,2.17,193,광나루 → 천호
5,광나루,천호,DOWN,END,2.17,0.0,2.17,2.17,162,광나루 → 천호
5,광나루,천호,DOWN,SAT,2.17,0.0,2.17,2.17,162,광나루 → 천호
5,광화문,서대문,UP,DAY,1.5,0.0,1.5,1.5,194,광화문 → 서대문
5,광화문,서대문,UP,END,1.5,0.0,1.5,1.5,162,광화문 → 서대문
5,광화문,서대문,UP,SAT,1.5,0.0,1.5,1.5,162,광화문 → 서대문
5,광화문,종로3가,DOWN,DAY,1.67,0.0,1.67,1.67,194,광화문 → 종로3가
5,광화문,종로3가,DOWN,END,1.67,0.0,1.67,1.67,163,광화문 → 종로3가
5,광화문,종로3가,DOWN,SAT,1.67,0.0,1.67,1.67,163,광화문 → 종로3가
5,군자,아차산,DOWN,DAY,1.5,0.0,1.5,1.5,192,군자 → 아차산
5,군자,아차산,DOWN,END,1.5,0.0,1.5,1.5,162,군자 → 아차산
5,군자,아차산,DOWN,SAT,1.5,0.0,1.5,1.5,162,군자 → 아차산
5,군자,장한평,UP,DAY,1.67,0.0,1.67,1.67,194,군자 → 장한평
5,군자,장한평,UP,END,1.67,0.0,1.67,1.67,162,군자 → 장한평
5,군자,장한평,UP,SAT,1.67,0.0,1.67,1.67,162,군자 → 장한평
5,굽은다리,길동,UP,DAY,1.17,0.0,1.17,1.17,103,굽은다리 → 길동
5,굽은다리,길동,UP,END,1.17,0.0,1.17,1.17,81,굽은다리 → 길동
5,굽은다리,길동,UP,SAT,1.17,0.0,1.17,1.17,81,굽은다리 → 길동
5,굽은다리,명일,DOWN,DAY,1.17,0.0,1.17,1.17,100,굽은다리 → 명일
5,굽은다리,명일,DOWN,END,1.17,0.0,1.17,1.17,84,굽은다리 → 명일
5,굽은다리,명일,DOWN,SAT,1.17,0.0,1.17,1.17,84,굽은다리 → 명일
5,길동,강동,UP,DAY,1.5,0.0,1.5,1.5,103,길동 → 강동
5,길동,강동,UP,END,1.5,0.0,1.5,1.5,81,길동 → 강동
5,길동,강동,UP,SAT,1.5,0.0,1.5,1.5,81,길동 → 강동
5,길동,굽은다리,DOWN,DAY,1.17,0.0,1.17,1.17,100,길동 → 굽은다리
5,길동,굽은다리,DOWN,END,1.17,0.0,1.17,1.17,84,길동 → 굽은다리
5,길동,굽은다리,DOWN,SAT,1.17,0.0,1.17,1.17,84,길동 → 굽은다리
5,김포공항,개화산,UP,DAY,1.67,0.0,1.67,1.67,193,김포공항 → 개화산
5,김포공항,개화산,UP,END,1.67,0.0,1.67,1.67,161,김포공항 → 개화산
5,김포공항,개화산,UP,SAT,1.67,0.0,1.67,1.67,161,김포공항 → 개화산
5,김포공항,도림천,DOWN,END,1.83,,1.83,1.83,1,김포공항 → 도림천
5,김포공항,도림천,DOWN,SAT,1.83,,1.83,1.83,1,김포공항 → 도림천
5,김포공항,송정,DOWN,DAY,2.17,0.0,2.17,2.17,194,김포공항 → 송정
5,김포공항,송정,DOWN,END,2.17,0.0,2.17,2.17,158,김포공항 → 송정
5,김포공항,송정,DOWN,SAT,2.17,0.0,2.17,2.17,158,김포공항 → 송정
5,김포공항,신도림,DOWN,END,0.83,,0.83,0.83,1,김포공항 → 신도림
5,김포공항,신도림,DOWN,SAT,0.83,,0.83,0.83,1,김포공항 → 신도림
5,김포공항,신정네거리,DOWN,END,0.33,,0.33,0.33,1,김포공항 → 신정네거리
5,김포공항,신정네거리,DOWN,SAT,0.33,,0.33,0.33,1,김포공항 → 신정네거리
5,김포공항,양천구청,DOWN,END,1.83,,1.83,1.83,1,김포공항 → 양천구청
5,김포공항,양천구청,DOWN,SAT,1.83,,1.83,1.83,1,김포공항 → 양천구청
5,까치산,도림천,DOWN,END,0.17,,0.17,0.17,1,까치산 → 도림천
5,까치산,도림천,DOWN,SAT,0.17,,0.17,0.17,1,까치산 → 도림천
5,까치산,신정,DOWN,DAY,1.83,0.0,1.83,1.83,196,까치산 → 신정
5,까치산,신정,DOWN,END,1.83,0.0,1.83,1.83,160,까치산 → 신정
5,까치산,신정,DOWN,SAT,1.83,0.0,1.83,1.83,160,까치산 → 신정
5,까치산,신정네거리,DOWN,END,0.67,,0.67,0.67,1,까치산 → 신정네거리
5,까치산,신정네거리,DOWN,SAT,0.67,,0.67,0.67,1,까치산 → 신정네거리
5,까치산,양천구청,DOWN,END,1.17,,1.17,1.17,1,까치산 → 양천구청
5,까치산,양천구청,DOWN,SAT,1.17,,1.17,1.17,1,까치산 → 양천구청
5,까치산,화곡,UP,DAY,1.5,0.0,1.5,1.5,194,까치산 → 화곡
5,까치산,화곡,UP,END,1.5,0.0,1.5,1.5,162,까치산 → 화곡
5,까치산,화곡,UP,SAT,1.5,0.0,1.5,1.5,162,까치산 → 화곡
5,답십리,마장,UP,DAY,1.67,0.0,1.67,1.67,194,답십리 → 마장
5,답십리,마장,UP,END,1.67,0.0,1.67,1.67,163,답십리 → 마장
5,답십리,마장,UP,SAT,1.67,0.0,1.67,1.67,163,답십리 → 마장
5,답십리,장한평,DOWN,DAY,1.67,0.0,1.67,1.67,193,답십리 → 장한평
5,답십리,장한평,DOWN,END,1.67,0.0,1.67,1.67,162,답십리 → 장한평
5,답십리,장한평,DOWN,SAT,1.67,0.0,1.67,1.67,162,답십리 → 장한평
5,동대문역사문화공원,을지로4가,UP,DAY,1.5,0.0,1.5,1.5,195,동대문역사문화공원 → 을지로4가
5,동대문역사문화공원,을지로4가,UP,END,1.5,0.0,1.5,1.5,163,동대문역사문화공원 → 을지로4가
5,동대문역사문화공원,을지로4가,UP,SAT,1.5,0.0,1.5,1.5,163,동대문역사문화공원 → 을지로4가
5,동대문역사문화공원,청구,DOWN,DAY,1.33,0.0,1.33,1.33,193,동대문역사문화공원 → 청구
5,동대문역사문화공원,청구,DOWN,END,1.33,0.0,1.33,1.33,162,동대문역사문화공원 → 청구
5,동대문역사문화공원,청구,DOWN,SAT,1.33,0.0,1.33,1.33,162,동대문역사문화공원 → 청구
5,둔촌동,강동,UP,DAY,1.83,0.0,1.83,1.83,96,둔촌동 → 강동
5,둔촌동,강동,UP,END,1.83,0.0,1.83,1.83,81,둔촌동 → 강동
5,둔촌동,강동,UP,SAT,1.83,0.0,1.83,1.83,81,둔촌동 → 강동
5,둔촌동,올림픽공원,DOWN,DAY,1.67,0.0,1.67,1.67,111,둔촌동 → 올림픽공원
5,둔촌동,올림픽공원,DOWN,END,1.67,0.0,1.67,1.67,86,둔촌동 → 올림픽공원
5,둔촌동,올림픽공원,DOWN,SAT,1.67,0.0,1.67,1.67,86,둔촌동 → 올림픽공원
5,마곡,도림천,DOWN,END,0.33,,0.33,0.33,1,마곡 → 도림천
5,마곡,도림천,DOWN,SAT,0.33,,0.33,0.33,1,마곡 → 도림천
5,마곡,발산,DOWN,DAY,1.67,0.0,1.67,1.67,194,마곡 → 발산
5,마곡,발산,DOWN,END,1.67,0.0,1.67,1.67,161,마곡 → 발산
5,마곡,발산,DOWN,SAT,1.67,0.0,1.67,1.67,161,마곡 → 발산
5,마곡,송정,UP,DAY,1.5,0.0,1.5,1.5,193,마곡 → 송정
5,마곡,송정,UP,END,1.5,0.0,1.5,1.5,161,마곡 → 송정
5,마곡,송정,UP,SAT,1.5,0.0,1.5,1.5,161,마곡 → 송정
5,마장,답십리,DOWN,DAY,1.67,0.0,1.67,1.67,193,마장 → 답십리
5,마장,답십리,DOWN,END,1.67,0.0,1.67,1.67,162,마장 → 답십리
5,마장,답십리,DOWN,SAT,1.67,0.0,1.67,1.67,162,마장 → 답십리
5,마장,왕십리,UP,DAY,1.0,0.0,1.0,1.0,194,마장 → 왕십리
5,마장,왕십리,UP,END,1.0,0.0,1.0,1.0,163,마장 → 왕십리
5,마장,왕십리,UP,SAT,1.0,0.0,1.0,1.0,163,마장 → 왕십리
5,마포,공덕,DOWN,DAY,1.17,0.0,1.17,1.17,194,마포 → 공덕
5,마포,공덕,DOWN,END,1.17,0.0,1.17,1.17,162,마포 → 공덕
5,마포,공덕,DOWN,SAT,1.17,0.0,1.17,1.17,162,마포 → 공덕
5,마포,까치산,UP,DAY,0.5,,0.5,0.5,1,마포 → 까치산
5,마포,도림천,UP,DAY,1.0,0.5,0.5,1.5,3,마포 → 도림천
5,마포,신정네거리,UP,DAY,0.5,,0.5,0.5,1,마포 → 신정네거리
5,마포,양천구청,DOWN,END,0.5,,0.5,0.5,1,마포 → 양천구청
5,마포,양천구청,DOWN,SAT,0.5,,0.5,0.5,1,마포 → 양천구청
5,마포,양천구청,UP,DAY,1.67,0.29,1.5,2.0,3,마포 → 양천구청
5,마포,여의나루,UP,DAY,2.0,0.0,2.0,2.0,184,마포 → 여의나루
5,마포,여의나루,UP,END,2.0,0.0,2.0,2.0,163,마포 → 여의나루
5,마포,여의나루,UP,SAT,2.0,0.0,2.0,2.0,163,마포 → 여의나루
5,명일,고덕,DOWN,DAY,1.67,0.0,1.67,1.67,100,명일 → 고덕
5,명일,고덕,DOWN,END,1.67,0.0,1.67,1.67,84,명일 → 고덕
5,명일,고덕,DOWN,SAT,1.67,0.0,1.67,1.67,84,명일 → 고덕
5,명일,굽은다리,UP,DAY,1.17,0.0,1.17,1.17,104,명일 → 굽은다리
5,명일,굽은다리,UP,END,1.17,0.0,1.17,1.17,82,명일 → 굽은다리
5,명일,굽은다리,UP,SAT,1.17,0.0,1.17,1.17,82,명일 → 굽은다리
5,목동,도림천,DOWN,END,0.33,,0.33,0.33,1,목동 → 도림천
5,목동,도림천,DOWN,SAT,0.33,,0.33,0.33,1,목동 → 도림천
5,목동,신정,UP,DAY,1.17,0.0,1.17,1.17,194,목동 → 신정
5,목동,신정,UP,END,1.17,0.0,1.17,1.17,162,목동 → 신정
5,목동,신정,UP,SAT,1.17,0.0,1.17,1.17,162,목동 → 신정
5,목동,양천구청,DOWN,END,0.33,,0.33,0.33,1,목동 → 양천구청
5,목동,양천구청,DOWN,SAT,0.33,,0.33,0.33,1,목동 → 양천구청
5,목동,오목교,DOWN,DAY,1.33,0.0,1.33,1.33,196,목동 → 오목교
5,목동,오목교,DOWN,END,1.33,0.0,1.33,1.33,160,목동 → 오목교
5,목동,오목교,DOWN,SAT,1.33,0.0,1.33,1.33,160,목동 → 오목교
5,미사,강일,UP,DAY,1.83,0.0,1.83,1.83,90,미사 → 강일
5,미사,강일,UP,END,1.83,0.0,1.83,1.83,77,미사 → 강일
5,미사,강일,UP,SAT,1.83,0.0,1.83,1.83,77,미사 → 강일
5,미사,하남풍산,DOWN,DAY,2.5,0.02,2.5,2.67,93,미사 → 하남풍산
5,미사,하남풍산,DOWN,END,2.5,0.0,2.5,2.5,81,미사 → 하남풍산
5,미사,하남풍산,DOWN,SAT,2.5,0.0,2.5,2.5,81,미사 → 하남풍산
5,발산,도림천,DOWN,END,0.17,,0.17,0.17,1,발산 → 도림천
5,발산,도림천,DOWN,SAT,0.17,,0.17,0.17,1,발산 → 도림천
5,발산,마곡,UP,DAY,1.67,0.0,1.67,1.67,194,발산 → 마곡
5,발산,마곡,UP,END,1.67,0.0,1.67,1.67,161,발산 → 마곡
5,발산,마곡,UP,SAT,1.67,0.0,1.67,1.67,161,발산 → 마곡
5,발산,신도림,DOWN,END,0.17,,0.17,0.17,1,발산 → 신도림
5,발산,신도림,DOWN,SAT,0.17,,0.17,0.17,1,발산 → 신도림
5,발산,양천구청,DOWN,END,0.17,,0.17,0.17,1,발산 → 양천구청
5,발산,양천구청,DOWN,SAT,0.17,,0.17,0.17,1,발산 → 양천구청
5,발산,우장산,DOWN,DAY,1.5,0.0,1.5,1.5,194,발산 → 우장산
5,발산,우장산,DOWN,END,1.5,0.0,1.5,1.5,158,발산 → 우장산
5,발산,우장산,DOWN,SAT,1.5,0.0,1.5,1.5,158,발산 → 우장산
5,방이,오금,DOWN,DAY,1.33,0.0,1.33,1.33,111,방이 → 오금
5,방이,오금,DOWN,END,1.33,0.0,1.33,1.33,86,방이 → 오금
5,방이,오금,DOWN,SAT,1.33,0.0,1.33,1.33,86,방이 → 오금
5,방이,올림픽공원,UP,DAY,1.33,0.0,1.33,1.33,96,방이 → 올림픽공원
5,방이,올림픽공원,UP,END,1.33,0.0,1.33,1.33,81,방이 → 올림픽공원
5,방이,올림픽공원,UP,SAT,1.33,0.0,1.33,1.33,81,방이 → 올림픽공원
5,상일동,강일,DOWN,DAY,1.83,0.0,1.83,1.83,93,상일동 → 강일
5,상일동,강일,DOWN,END,1.83,0.0,1.83,1.83,81,상일동 → 강일
5,상일동,강일,DOWN,SAT,1.83,0.0,1.83,1.83,81,상일동 → 강일
5,상일동,고덕,UP,DAY,1.67,0.0,1.67,1.67,90,상일동 → 고덕
5,상일동,고덕,UP,END,1.67,0.0,1.67,1.67,77,상일동 → 고덕
5,상일동,고덕,UP,SAT,1.67,0.0,1.67,1.67,77,상일동 → 고덕
5,상일동,하남풍산,DOWN,DAY,6.17,,6.17,6.17,1,상일동 → 하남풍산
5,서대문,광화문,DOWN,DAY,1.5,0.0,1.5,1.5,194,서대문 → 광화문
5,서대문,광화문,DOWN,END,1.5,0.0,1.5,1.5,163,서대문 → 광화문
5,서대문,광화문,DOWN,SAT,1.5,0.0,1.5,1.5,163,서대문 → 광화문
5,서대문,충정로,UP,DAY,1.0,0.0,1.0,1.0,194,서대문 → 충정로
5,서대문,충정로,UP,END,1.0,0.0,1.0,1.0,162,서대문 → 충정로
5,서대문,충정로,UP,SAT,1.0,0.0,1.0,1.0,162,서대문 → 충정로
5,송정,김포공항,UP,DAY,2.17,0.0,2.17,2.17,193,송정 → 김포공항
5,송정,김포공항,UP,END,2.17,0.0,2.17,2.17,161,송정 → 김포공항
5,송정,김포공항,UP,SAT,2.17,0.0,2.17,2.17,161,송정 → 김포공항
5,송정,마곡,DOWN,DAY,1.5,0.02,1.33,1.5,194,송정 → 마곡
5,송정,마곡,DOWN,END,1.5,0.0,1.5,1.5,159,송정 → 마곡
5,송정,마곡,DOWN,SAT,1.5,0.0,1.5,1.5,159,송정 → 마곡
5,송정,신도림,DOWN,END,1.17,,1.17,1.17,1,송정 → 신도림
5,송정,신도림,DOWN,SAT,1.17,,1.17,1.17,1,송정 → 신도림
5,송정,신정네거리,DOWN,END,0.67,,0.67,0.67,1,송정 → 신정네거리
5,송정,신정네거리,DOWN,SAT,0.67,,0.67,0.67,1,송정 → 신정네거리
5,송정,양천구청,DOWN,END,1.17,,1.17,1.17,1,송정 → 양천구청
5,송정,양천구청,DOWN,SAT,1.17,,1.17,1.17,1,송정 → 양천구청
5,신금호,청구,UP,DAY,1.5,0.0,1.5,1.5,195,신금호 → 청구
5,신금호,청구,UP,END,1.5,0.0,1.5,1.5,163,신금호 → 청구
5,신금호,청구,UP,SAT,1.5,0.0,1.5,1.5,163,신금호 → 청구
5,신금호,행당,DOWN,DAY,1.33,0.0,1.33,1.33,193,신금호 → 행당
5,신금호,행당,DOWN,END,1.33,0.0,1.33,1.33,162,신금호 → 행당
5,신금호,행당,DOWN,SAT,1.33,0.0,1.33,1.33,162,신금호 → 행당
5,신길,신정네거리,UP,DAY,0.83,0.5,0.33,1.33,3,신길 → 신정네거리
5,신길,여의도,DOWN,DAY,1.5,0.0,1.5,1.5,195,신길 → 여의도
5,신길,여의도,DOWN,END,1.5,0.0,1.5,1.5,160,신길 → 여의도
5,신길,여의도,DOWN,SAT,1.5,0.0,1.5,1.5,160,신길 → 여의도
5,신길,영등포시장,UP,DAY,1.5,0.0,1.5,1.5,189,신길 → 영등포시장
5,신길,영등포시장,UP,END,1.5,0.0,1.5,1.5,163,신길 → 영등포시장
5,신길,영등포시장,UP,SAT,1.5,0.0,1.5,1.5,163,신길 → 영등포시장
5,신정,까치산,UP,DAY,1.83,0.0,1.83,1.83,194,신정 → 까치산
5,신정,까치산,UP,END,1.83,0.0,1.83,1.83,162,신정 → 까치산
5,신정,까치산,UP,SAT,1.83,0.0,1.83,1.83,162,신정 → 까치산
5,신정,목동,DOWN,DAY,1.17,0.0,1.17,1.17,196,신정 → 목동
5,신정,목동,DOWN,END,1.17,0.0,1.17,1.17,162,신정 → 목동
5,신정,목동,DOWN,SAT,1.17,0.0,1.17,1.17,162,신정 → 목동
5,아차산,광나루,DOWN,DAY,1.83,0.0,1.83,1.83,193,아차산 → 광나루
5,아차산,광나루,DOWN,END,1.83,0.0,1.83,1.83,162,아차산 → 광나루
5,아차산,광나루,DOWN,SAT,1.83,0.0,1.83,1.83,162,아차산 → 광나루
5,아차산,군자,UP,DAY,1.5,0.0,1.5,1.5,194,아차산 → 군자
5,아차산,군자,UP,END,1.5,0.0,1.5,1.5,162,아차산 → 군자
5,아차산,군자,UP,SAT,1.5,0.0,1.5,1.5,162,아차산 → 군자
5,애오개,충정로,DOWN,DAY,1.33,0.0,1.33,1.33,188,애오개 → 충정로
5,애오개,충정로,DOWN,END,1.33,0.0,1.33,1.33,162,애오개 → 충정로
5,애오개,충정로,DOWN,SAT,1.33,0.0,1.33,1.33,162,애오개 → 충정로
5,양평,까치산,UP,DAY,0.83,,0.83,0.83,1,양평 → 까치산
5,양평,영등포구청,DOWN,DAY,1.17,0.0,1.17,1.17,195,양평 → 영등포구청
5,양평,영등포구청,DOWN,END,1.17,0.0,1.17,1.17,161,양평 → 영등포구청
5,양평,영등포구청,DOWN,SAT,1.17,0.0,1.17,1.17,161,양평 → 영등포구청
5,양평,오목교,UP,DAY,1.33,0.0,1.33,1.33,193,양평 → 오목교
5,양평,오목교,UP,END,1.33,0.0,1.33,1.33,163,양평 → 오목교
5,양평,오목교,UP,SAT,1.33,0.0,1.33,1.33,163,양평 → 오목교
5,여의나루,까치산,UP,DAY,0.92,0.35,0.67,1.17,2,여의나루 → 까치산
5,여의나루,도림천,DOWN,END,2.0,,2.0,2.0,1,여의나루 → 도림천
5,여의나루,도림천,DOWN,SAT,2.0,,2.0,2.0,1,여의나루 → 도림천
5,여의나루,도림천,UP,DAY,0.42,0.35,0.17,0.67,2,여의나루 → 도림천
5,여의나루,마포,DOWN,DAY,2.0,0.0,2.0,2.0,194,여의나루 → 마포
5,여의나루,마포,DOWN,END,2.0,0.0,2.0,2.0,160,여의나루 → 마포
5,여의나루,마포,DOWN,SAT,2.0,0.0,2.0,2.0,160,여의나루 → 마포
5,여의나루,신도림,DOWN,END,1.0,,1.0,1.0,1,여의나루 → 신도림
5,여의나루,신도림,DOWN,SAT,1.0,,1.0,1.0,1,여의나루 → 신도림
5,여의나루,신정네거리,DOWN,END,1.5,,1.5,1.5,1,여의나루 → 신정네거리
5,여의나루,신정네거리,DOWN,SAT,1.5,,1.5,1.5,1,여의나루 → 신정네거리
5,여의나루,신정네거리,UP,DAY,0.67,0.0,0.67,0.67,2,여의나루 → 신정네거리
5,여의나루,양천구청,UP,DAY,0.92,0.35,0.67,1.17,2,여의나루 → 양천구청
5,여의나루,여의도,UP,DAY,1.33,0.0,1.33,1.33,186,여의나루 → 여의도
5,여의나루,여의도,UP,END,1.33,0.0,1.33,1.33,163,여의나루 → 여의도
5,여의나루,여의도,UP,SAT,1.33,0.0,1.33,1.33,163,여의나루 → 여의도
5,여의도,도림천,DOWN,END,0.67,,0.67,0.67,1,여의도 → 도림천
5,여의도,도림천,DOWN,SAT,0.67,,0.67,0.67,1,여의도 → 도림천
5,여의도,신길,UP,DAY,1.5,0.0,1.5,1.5,188,여의도 → 신길
5,여의도,신길,UP,END,1.5,0.0,1.5,1.5,162,여의도 → 신길
5,여의도,신길,UP,SAT,1.5,0.0,1.5,1.5,162,여의도 → 신길
5,여의도,신정네거리,DOWN,END,1.17,,1.17,1.17,1,여의도 → 신정네거리
5,여의도,신정네거리,DOWN,SAT,1.17,,1.17,1.17,1,여의도 → 신정네거리
5,여의도,신정네거리,UP,DAY,1.0,0.29,0.83,1.33,3,여의도 → 신정네거리
5,여의도,양천구청,DOWN,END,0.67,,0.67,0.67,1,여의도 → 양천구청
5,여의도,양천구청,DOWN,SAT,0.67,,0.67,0.67,1,여의도 → 양천구청
5,여의도,양천구청,UP,DAY,0.83,0.71,0.33,1.33,2,여의도 → 양천구청
5,여의도,여의나루,DOWN,DAY,1.33,0.0,1.33,1.33,194,여의도 → 여의나루
5,여의도,여의나루,DOWN,END,1.33,0.0,1.33,1.33,159,여의도 → 여의나루
5,여의도,여의나루,DOWN,SAT,1.33,0.0,1.33,1.33,159,여의도 → 여의나루
5,영등포구청,까치산,UP,DAY,0.58,0.35,0.33,0.83,2,영등포구청 → 까치산
5,영등포구청,도림천,DOWN,END,1.17,,1.17,1.17,1,영등포구청 → 도림천
5,영등포구청,도림천,DOWN,SAT,1.17,,1.17,1.17,1,영등포구청 → 도림천
5,영등포구청,신도림,DOWN,END,0.17,,0.17,0.17,1,영등포구청 → 신도림
5,영등포구청,신도림,DOWN,SAT,0.17,,0.17,0.17,1,영등포구청 → 신도림
5,영등포구청,양천구청,DOWN,END,0.17,,0.17,0.17,1,영등포구청 → 양천구청
5,영등포구청,양천구청,DOWN,SAT,0.17,,0.17,0.17,1,영등포구청 → 양천구청
5,영등포구청,양평,UP,DAY,1.17,0.0,1.17,1.17,191,영등포구청 → 양평
5,영등포구청,양평,UP,END,1.17,0.0,1.17,1.17,163,영등포구청 → 양평
5,영등포구청,양평,UP,SAT,1.17,0.0,1.17,1.17,163,영등포구청 → 양평
5,영등포구청,영등포시장,DOWN,DAY,1.17,0.01,1.17,1.33,195,영등포구청 → 영등포시장
5,영등포구청,영등포시장,DOWN,END,1.17,0.0,1.17,1.17,159,영등포구청 → 영등포시장
5,영등포구청,영등포시장,DOWN,SAT,1.17,0.0,1.17,1.17,159,영등포구청 → 영등포시장
5,영등포시장,까치산,UP,DAY,0.5,,0.5,0.5,1,영등포시장 → 까치산
5,영등포시장,신길,DOWN,DAY,1.5,0.0,1.5,1.5,195,영등포시장 → 신길
5,영등포시장,신길,DOWN,END,1.5,0.0,1.5,1.5,162,영등포시장 → 신길
5,영등포시장,신길,DOWN,SAT,1.5,0.0,1.5,1.5,162,영등포시장 → 신길
5,영등포시장,신정네거리,DOWN,END,1.17,,1.17,1.17,1,영등포시장 → 신정네거리
5,영등포시장,신정네거리,DOWN,SAT,1.17,,1.17,1.17,1,영등포시장 → 신정네거리
5,영등포시장,신정네거리,UP,DAY,1.0,,1.0,1.0,1,영등포시장 → 신정네거리
5,영등포시장,영등포구청,UP,DAY,1.17,0.0,1.17,1.17,190,영등포시장 → 영등포구청
5,영등포시장,영등포구청,UP,END,1.17,0.0,1.17,1.17,163,영등포시장 → 영등포구청
5,영등포시장,영등포구청,UP,SAT,1.17,0.0,1.17,1.17,163,영등포시장 → 영등포구청
5,오금,개롱,DOWN,DAY,1.17,0.0,1.17,1.17,111,오금 → 개롱
5,오금,개롱,DOWN,END,1.17,0.0,1.17,1.17,86,오금 → 개롱
5,오금,개롱,DOWN,SAT,1.17,0.0,1.17,1.17,86,오금 → 개롱
5,오금,방이,UP,DAY,1.33,0.0,1.33,1.33,97,오금 → 방이
5,오금,방이,UP,END,1.33,0.0,1.33,1.33,81,오금 → 방이
5,오금,방이,UP,SAT,1.33,0.0,1.33,1.33,81,오금 → 방이
5,오목교,목동,UP,DAY,1.33,0.0,1.33,1.33,194,오목교 → 목동
5,오목교,목동,UP,END,1.33,0.0,1.33,1.33,162,오목교 → 목동
5,오목교,목동,UP,SAT,1.33,0.0,1.33,1.33,162,오목교 → 목동
5,오목교,신도림,DOWN,END,0.5,,0.5,0.5,1,오목교 → 신도림
5,오목교,신도림,DOWN,SAT,0.5,,0.5,0.5,1,오목교 → 신도림
5,오목교,양평,DOWN,DAY,1.33,0.0,1.33,1.33,196,오목교 → 양평
5,오목교,양평,DOWN,END,1.33,0.0,1.33,1.33,161,오목교 → 양평
5,오목교,양평,DOWN,SAT,1.33,0.0,1.33,1.33,161,오목교 → 양평
5,올림픽공원,둔촌동,UP,DAY,1.67,0.0,1.67,1.67,96,올림픽공원 → 둔촌동
5,올림픽공원,둔촌동,UP,END,1.67,0.0,1.67,1.67,81,올림픽공원 → 둔촌동
5,올림픽공원,둔촌동,UP,SAT,1.67,0.0,1.67,1.67,81,올림픽공원 → 둔촌동
5,올림픽공원,방이,DOWN,DAY,1.33,0.0,1.33,1.33,111,올림픽공원 → 방이
5,올림픽공원,방이,DOWN,END,1.33,0.0,1.33,1.33,86,올림픽공원 → 방이
5,올림픽공원,방이,DOWN,SAT,1.33,0.0,1.33,1.33,86,올림픽공원 → 방이
5,왕십리,마장,DOWN,DAY,1.0,0.0,1.0,1.0,192,왕십리 → 마장
5,왕십리,마장,DOWN,END,1.0,0.0,1.0,1.0,162,왕십리 → 마장
5,왕십리,마장,DOWN,SAT,1.0,0.0,1.0,1.0,162,왕십리 → 마장
5,왕십리,행당,UP,DAY,1.17,0.0,1.17,1.17,194,왕십리 → 행당
5,왕십리,행당,UP,END,1.17,0.0,1.17,1.17,162,왕십리 → 행당
5,왕십리,행당,UP,SAT,1.17,0.0,1.17,1.17,162,왕십리 → 행당
5,우장산,도림천,DOWN,END,1.17,,1.17,1.17,1,우장산 → 도림천
5,우장산,도림천,DOWN,SAT,1.17,,1.17,1.17,1,우장산 → 도림천
5,우장산,발산,UP,DAY,1.5,0.0,1.5,1.5,194,우장산 → 발산
5,우장산,발산,UP,END,1.5,0.0,1.5,1.5,162,우장산 → 발산
5,우장산,발산,UP,SAT,1.5,0.0,1.5,1.5,162,우장산 → 발산
5,우장산,신도림,DOWN,END,0.17,,0.17,0.17,1,우장산 → 신도림
5,우장산,신도림,DOWN,SAT,0.17,,0.17,0.17,1,우장산 → 신도림
5,우장산,양천구청,DOWN,END,1.17,,1.17,1.17,1,우장산 → 양천구청
5,우장산,양천구청,DOWN,SAT,1.17,,1.17,1.17,1,우장산 → 양천구청
5,우장산,화곡,DOWN,DAY,1.5,0.0,1.5,1.5,194,우장산 → 화곡
5,우장산,화곡,DOWN,END,1.5,0.0,1.5,1.5,159,우장산 → 화곡
5,우장산,화곡,DOWN,SAT,1.5,0.0,1.5,1.5,159,우장산 → 화곡
5,을지로4가,동대문역사문화공원,DOWN,DAY,1.5,0.0,1.5,1.5,193,을지로4가 → 동대문역사문화공원
5,을지로4가,동대문역사문화공원,DOWN,END,1.5,0.0,1.5,1.5,163,을지로4가 → 동대문역사문화공원
5,을지로4가,동대문역사문화공원,DOWN,SAT,1.5,0.0,1.5,1.5,163,을지로4가 → 동대문역사문화공원
5,을지로4가,종로3가,UP,DAY,1.67,0.0,1.67,1.67,195,을지로4가 → 종로3가
5,을지로4가,종로3가,UP,END,1.67,0.0,1.67,1.67,163,을지로4가 → 종로3가
5,을지로4가,종로3가,UP,SAT,1.67,0.0,1.67,1.67,163,을지로4가 → 종로3가
5,장한평,군자,DOWN,DAY,1.67,0.0,1.67,1.67,193,장한평 → 군자
5,장한평,군자,DOWN,END,1.67,0.0,1.67,1.67,162,장한평 → 군자
5,장한평,군자,DOWN,SAT,1.67,0.0,1.67,1.67,162,장한평 → 군자
5,장한평,답십리,UP,DAY,1.67,0.0,1.67,1.67,195,장한평 → 답십리
5,장한평,답십리,UP,END,1.67,0.0,1.67,1.67,163,장한평 → 답십리
5,장한평,답십리,UP,SAT,1.67,0.0,1.67,1.67,163,장한평 → 답십리
5,종로3가,광화문,UP,DAY,1.67,0.0,1.67,1.67,194,종로3가 → 광화문
5,종로3가,광화문,UP,END,1.67,0.0,1.67,1.67,163,종로3가 → 광화문
5,종로3가,광화문,UP,SAT,1.67,0.0,1.67,1.67,163,종로3가 → 광화문
5,종로3가,을지로4가,DOWN,DAY,1.67,0.0,1.67,1.67,193,종로3가 → 을지로4가
5,종로3가,을지로4가,DOWN,END,1.67,0.0,1.67,1.67,163,종로3가 → 을지로4가
5,종로3가,을지로4가,DOWN,SAT,1.67,0.0,1.67,1.67,163,종로3가 → 을지로4가
5,천호,강동,DOWN,DAY,1.17,0.0,1.17,1.17,193,천호 → 강동
5,천호,강동,DOWN,END,1.17,0.0,1.17,1.17,162,천호 → 강동
5,천호,강동,DOWN,SAT,1.17,0.0,1.17,1.17,162,천호 → 강동
5,천호,광나루,UP,DAY,2.17,0.0,2.17,2.17,195,천호 → 광나루
5,천호,광나루,UP,END,2.17,0.0,2.17,2.17,163,천호 → 광나루
5,천호,광나루,UP,SAT,2.17,0.0,2.17,2.17,163,천호 → 광나루
5,청구,동대문역사문화공원,UP,DAY,1.33,0.0,1.33,1.33,195,청구 → 동대문역사문화공원
5,청구,동대문역사문화공원,UP,END,1.33,0.0,1.33,1.33,163,청구 → 동대문역사문화공원
5,청구,동대문역사문화공원,UP,SAT,1.33,0.0,1.33,1.33,163,청구 → 동대문역사문화공원
5,청구,신금호,DOWN,DAY,1.5,0.0,1.5,1.5,193,청구 → 신금호
5,청구,신금호,DOWN,END,1.5,0.0,1.5,1.5,162,청구 → 신금호
5,청구,신금호,DOWN,SAT,1.5,0.0,1.5,1.5,162,청구 → 신금호
5,충정로,서대문,DOWN,DAY,1.0,0.0,1.0,1.0,194,충정로 → 서대문
5,충정로,서대문,DOWN,END,1.0,0.0,1.0,1.0,163,충정로 → 서대문
5,충정로,서대문,DOWN,SAT,1.0,0.0,1.0,1.0,163,충정로 → 서대문
5,충정로,애오개,UP,DAY,1.33,0.0,1.33,1.33,194,충정로 → 애오개
5,충정로,애오개,UP,END,1.33,0.0,1.33,1.33,162,충정로 → 애오개
5,충정로,애오개,UP,SAT,1.33,0.0,1.33,1.33,162,충정로 → 애오개
5,하남시청,하남검단산,DOWN,DAY,2.5,0.0,2.5,2.5,94,하남시청 → 하남검단산
5,하남시청,하남검단산,DOWN,END,2.5,0.0,2.5,2.5,80,하남시청 → 하남검단산
5,하남시청,하남검단산,DOWN,SAT,2.5,0.0,2.5,2.5,80,하남시청 → 하남검단산
5,하남시청,하남풍산,UP,DAY,1.83,0.0,1.83,1.83,90,하남시청 → 하남풍산
5,하남시청,하남풍산,UP,END,1.83,0.0,1.83,1.83,77,하남시청 → 하남풍산
5,하남시청,하남풍산,UP,SAT,1.83,0.0,1.83,1.83,77,하남시청 → 하남풍산
5,하남풍산,미사,UP,DAY,2.5,0.0,2.5,2.5,90,하남풍산 → 미사
5,하남풍산,미사,UP,END,2.5,0.0,2.5,2.5,77,하남풍산 → 미사
5,하남풍산,미사,UP,SAT,2.5,0.0,2.5,2.5,77,하남풍산 → 미사
5,하남풍산,하남시청,DOWN,DAY,1.83,0.02,1.67,1.83,94,하남풍산 → 하남시청
5,하남풍산,하남시청,DOWN,END,1.83,0.0,1.83,1.83,80,하남풍산 → 하남시청
5,하남풍산,하남시청,DOWN,SAT,1.83,0.0,1.83,1.83,80,하남풍산 → 하남시청
5,행당,신금호,UP,DAY,1.33,0.0,1.33,1.33,195,행당 → 신금호
5,행당,신금호,UP,END,1.33,0.0,1.33,1.33,163,행당 → 신금호
5,행당,신금호,UP,SAT,1.33,0.0,1.33,1.33,163,행당 → 신금호
5,행당,왕십리,DOWN,DAY,1.17,0.0,1.17,1.17,192,행당 → 왕십리
5,행당,왕십리,DOWN,END,1.17,0.0,1.17,1.17,162,행당 → 왕십리
5,행당,왕십리,DOWN,SAT,1.17,0.0,1.17,1.17,162,행당 → 왕십리
5,화곡,까치산,DOWN,DAY,1.5,0.0,1.5,1.5,194,화곡 → 까치산
5,화곡,까치산,DOWN,END,1.5,0.0,1.5,1.5,159,화곡 → 까치산
5,화곡,까치산,DOWN,SAT,1.5,0.0,1.5,1.5,159,화곡 → 까치산
5,화곡,신도림,DOWN,END,1.17,,1.17,1.17,1,화곡 → 신도림
5,화곡,신도림,DOWN,SAT,1.17,,1.17,1.17,1,화곡 → 신도림
5,화곡,우장산,UP,DAY,1.5,0.0,1.5,1.5,194,화곡 → 우장산
5,화곡,우장산,UP,END,1.5,0.0,1.5,1.5,162,화곡 → 우장산
5,화곡,우장산,UP,SAT,1.5,0.0,1.5,1.5,162,화곡 → 우장산
