호선,역사명,방향,주중주말,평균배차간격_분,최소배차간격_분,최대배차간격_분,표준편차,측정횟수
2,강남,IN,DAY,4.657446808510638,2.0,13.0,1.752500616439296,235
2,강남,IN,END,5.652849740932642,3.0,16.5,1.334129188214652,193
2,강남,IN,SAT,5.652849740932642,3.0,16.5,1.334129188214652,193
2,강남,OUT,DAY,4.710300429184549,2.0,16.5,1.6901021176171436,233
2,강남,OUT,END,5.558673469387755,2.5,16.5,1.3692132404995152,196
2,강남,OUT,SAT,5.558673469387755,2.5,16.5,1.3692132404995152,196
2,강변,IN,DAY,4.675965665236052,2.0,20.0,1.9759168623937355,233
2,강변,IN,END,5.668393782383419,2.5,19.5,1.5074074081441309,193
2,강변,IN,SAT,5.668393782383419,2.5,19.5,1.5074074081441309,193
2,강변,OUT,DAY,4.688034188034188,2.0,10.0,1.5262038739698514,234
2,강변,OUT,END,5.573979591836735,2.0,21.0,1.5411905087291302,196
2,강변,OUT,SAT,5.573979591836735,2.0,21.0,1.5411905087291302,196
2,건대입구,IN,DAY,4.675965665236052,2.0,20.0,1.9759168623937355,233
2,건대입구,IN,END,5.668393782383419,2.0,19.5,1.5151615736045467,193
2,건대입구,IN,SAT,5.668393782383419,2.0,19.5,1.5151615736045467,193
2,건대입구,OUT,DAY,4.688034188034188,2.0,10.0,1.5240933359477165,234
2,건대입구,OUT,END,5.571428571428571,2.0,21.0,1.5325527556067846,196
2,건대입구,OUT,SAT,5.571428571428571,2.0,21.0,1.5325527556067846,196
2,교대,IN,DAY,4.657446808510638,2.0,13.0,1.746393681061802,235
2,교대,IN,END,5.655440414507772,3.0,16.5,1.3284483186158054,193
2,교대,IN,SAT,5.655440414507772,3.0,16.5,1.3284483186158054,193
2,교대,OUT,DAY,4.710300429184549,2.0,16.5,1.6913768098213773,233
2,교대,OUT,END,5.561224489795919,2.0,16.5,1.372374521138078,196
2,교대,OUT,SAT,5.561224489795919,2.0,16.5,1.372374521138078,196
2,구로디지털단지,IN,DAY,4.648936170212766,2.0,11.0,1.723129772784704,235
2,구로디지털단지,IN,END,5.689119170984456,2.5,19.5,1.574284146609492,193
2,구로디지털단지,IN,SAT,5.689119170984456,2.5,19.5,1.574284146609492,193
2,구로디지털단지,OUT,DAY,4.766233766233766,2.0,20.5,1.9862315458705733,231
2,구로디지털단지,OUT,END,5.6020408163265305,2.0,18.5,1.7230848657961513,196
2,구로디지털단지,OUT,SAT,5.6020408163265305,2.0,18.5,1.7230848657961513,196
2,구의,IN,DAY,4.675965665236052,2.0,20.0,1.9759168623937355,233
2,구의,IN,END,5.668393782383419,2.0,19.5,1.5151615736045467,193
2,구의,IN,SAT,5.668393782383419,2.0,19.5,1.5151615736045467,193
2,구의,OUT,DAY,4.688034188034188,2.0,10.0,1.5262038739698514,234
2,구의,OUT,END,5.571428571428571,2.0,20.5,1.5157294934901469,196
2,구의,OUT,SAT,5.571428571428571,2.0,20.5,1.5157294934901469,196
2,까치산,UP,DAY,10.542857142857143,8.0,17.0,1.7098615071479832,105
2,까치산,UP,END,10.548076923076923,8.0,16.0,1.7453394678695207,104
2,까치산,UP,SAT,10.59047619047619,8.0,16.0,1.7904406317098747,105
2,낙성대,IN,DAY,4.684322033898305,2.0,13.0,1.795659058201104,236
2,낙성대,IN,END,5.652849740932642,3.0,16.0,1.3154548734865898,193
2,낙성대,IN,SAT,5.652849740932642,3.0,16.0,1.3154548734865898,193
2,낙성대,OUT,DAY,4.700431034482759,2.0,16.5,1.6876556614389095,232
2,낙성대,OUT,END,5.5688775510204085,2.0,17.0,1.469030995922359,196
2,낙성대,OUT,SAT,5.5688775510204085,2.0,17.0,1.469030995922359,196
2,당산,IN,DAY,4.7296137339055795,2.0,15.0,1.843518077448532,233
2,당산,IN,END,5.761780104712042,3.5,17.0,1.3541573312238713,191
2,당산,IN,SAT,5.761780104712042,3.5,17.0,1.3541573312238713,191
2,당산,OUT,DAY,4.736051502145923,2.0,13.0,1.710158753699006,233
2,당산,OUT,END,5.672680412371134,2.0,15.5,1.555477045905765,194
2,당산,OUT,SAT,5.672680412371134,2.0,15.5,1.555477045905765,194
2,대림,IN,DAY,4.684322033898305,2.0,13.0,1.803344400764247,236
2,대림,IN,END,5.689119170984456,2.5,20.0,1.5841782015499317,193
2,대림,IN,SAT,5.689119170984456,2.5,20.0,1.5841782015499317,193
2,대림,OUT,DAY,4.765217391304348,2.0,20.5,1.990503369583946,230
2,대림,OUT,END,5.6020408163265305,2.0,18.5,1.7260584767012244,196
2,대림,OUT,SAT,5.6020408163265305,2.0,18.5,1.7260584767012244,196
2,도림천,DOWN,DAY,10.5,8.0,17.0,1.7066403719657228,104
2,도림천,DOWN,END,10.548076923076923,9.0,18.0,1.7674500731323879,104
2,도림천,DOWN,SAT,10.548076923076923,9.0,18.0,1.7674500731323879,104
2,도림천,UP,DAY,10.533333333333333,8.0,17.0,1.6874347090882944,105
2,도림천,UP,END,10.548076923076923,8.0,16.0,1.7453394678695207,104
2,도림천,UP,SAT,10.548076923076923,8.0,16.0,1.7453394678695207,104
2,동대문역사문화공원,IN,DAY,4.69017094017094,2.0,10.5,1.664818222252303,234
2,동대문역사문화공원,IN,END,5.725130890052356,3.0,14.5,1.0914002877225124,191
2,동대문역사문화공원,IN,SAT,5.725130890052356,3.0,14.5,1.0914002877225124,191
2,동대문역사문화공원,OUT,DAY,4.756465517241379,2.0,13.0,1.7782844762465513,232
2,동대문역사문화공원,OUT,END,5.644329896907217,2.0,11.5,1.3388549025901302,194
2,동대문역사문화공원,OUT,SAT,5.644329896907217,2.0,11.5,1.3388549025901302,194
2,뚝섬,IN,DAY,4.7106382978723405,2.5,10.5,1.685563899474228,235
2,뚝섬,IN,END,5.717277486910994,3.0,15.0,1.066802858256965,191
2,뚝섬,IN,SAT,5.717277486910994,3.0,15.0,1.066802858256965,191
2,뚝섬,OUT,DAY,4.729437229437229,2.0,13.0,1.736863523511158,231
2,뚝섬,OUT,END,5.63659793814433,2.5,11.5,1.2939279369047036,194
2,뚝섬,OUT,SAT,5.63659793814433,2.5,11.5,1.2939279369047036,194
2,문래,IN,DAY,4.7155172413793105,2.0,15.0,1.8348763336733644,232
2,문래,IN,END,5.7591623036649215,3.5,17.0,1.3522329797093446,191
2,문래,IN,SAT,5.7591623036649215,3.5,17.0,1.3522329797093446,191
2,문래,OUT,DAY,4.736051502145923,2.0,13.0,1.710158753699006,233
2,문래,OUT,END,5.672680412371134,2.0,15.5,1.5538106362068276,194
2,문래,OUT,SAT,5.672680412371134,2.0,15.5,1.5538106362068276,194
2,방배,IN,DAY,4.657446808510638,2.0,13.0,1.7512809330163475,235
2,방배,IN,END,5.655440414507772,3.0,16.5,1.3284483186158054,193
2,방배,IN,SAT,5.655440414507772,3.0,16.5,1.3284483186158054,193
2,방배,OUT,DAY,4.710300429184549,2.0,16.5,1.6881882746697934,233
2,방배,OUT,END,5.563775510204081,2.0,16.5,1.3977138956028434,196
2,방배,OUT,SAT,5.563775510204081,2.0,16.5,1.3977138956028434,196
2,봉천,IN,DAY,4.648936170212766,2.0,11.0,1.7150505637092124,235
2,봉천,IN,END,5.689119170984456,3.0,19.5,1.5726290856182976,193
2,봉천,IN,SAT,5.689119170984456,3.0,19.5,1.5726290856182976,193
2,봉천,OUT,DAY,4.771551724137931,2.0,20.5,1.9803058941846505,232
2,봉천,OUT,END,5.599489795918367,2.0,18.5,1.6630369947927164,196
2,봉천,OUT,SAT,5.599489795918367,2.0,18.5,1.6630369947927164,196
2,사당,IN,DAY,4.684322033898305,2.0,13.0,1.795659058201104,236
2,사당,IN,END,5.652849740932642,3.0,16.0,1.3144646657529266,193
2,사당,IN,SAT,5.652849740932642,3.0,16.0,1.3144646657529266,193
2,사당,OUT,DAY,4.702586206896552,2.0,16.5,1.687717852894185,232
2,사당,OUT,END,5.566326530612245,2.0,17.0,1.4422876328624266,196
2,사당,OUT,SAT,5.566326530612245,2.0,17.0,1.4422876328624266,196
2,삼성,IN,DAY,4.64957264957265,2.0,13.5,1.7551456626942663,234
2,삼성,IN,END,5.596354166666667,2.5,12.5,1.109142038871003,192
2,삼성,IN,SAT,5.596354166666667,2.5,12.5,1.109142038871003,192
2,삼성,OUT,DAY,4.669527896995708,2.0,10.0,1.5093867904068228,233
2,삼성,OUT,END,5.5,2.5,11.5,1.0900203346254176,195
2,삼성,OUT,SAT,5.5,2.5,11.5,1.0900203346254176,195
2,상왕십리,IN,DAY,4.69017094017094,2.0,10.5,1.664818222252303,234
2,상왕십리,IN,END,5.722513089005235,3.0,14.5,1.0779932470183893,191
2,상왕십리,IN,SAT,5.722513089005235,3.0,14.5,1.0779932470183893,191
2,상왕십리,OUT,DAY,4.729437229437229,2.0,13.0,1.7337316211242741,231
2,상왕십리,OUT,END,5.644329896907217,2.0,11.5,1.3417542513124432,194
2,상왕십리,OUT,SAT,5.644329896907217,2.0,11.5,1.3417542513124432,194
2,서울대입구,IN,DAY,4.648936170212766,2.0,11.0,1.7150505637092124,235
2,서울대입구,IN,END,5.6171875,3.0,16.0,1.2174844919833252,192
2,서울대입구,IN,SAT,5.6171875,3.0,16.0,1.2174844919833252,192
2,서울대입구,OUT,DAY,4.703463203463204,2.0,16.5,1.6906870605418396,231
2,서울대입구,OUT,END,5.533333333333333,2.0,17.0,1.3857398435815238,195
2,서울대입구,OUT,SAT,5.533333333333333,2.0,17.0,1.3857398435815238,195
2,서초,IN,DAY,4.657446808510638,2.0,13.0,1.7494498134946175,235
2,서초,IN,END,5.655440414507772,3.0,16.5,1.3284483186158054,193
2,서초,IN,SAT,5.655440414507772,3.0,16.5,1.3284483186158054,193
2,서초,OUT,DAY,4.710300429184549,2.0,16.5,1.6881882746697934,233
2,서초,OUT,END,5.563775510204081,2.0,16.5,1.3931201029131564,196
2,서초,OUT,SAT,5.563775510204081,2.0,16.5,1.3931201029131564,196
2,선릉,IN,DAY,4.647435897435898,2.0,13.0,1.7464414604684528,234
2,선릉,IN,END,5.652849740932642,2.5,16.5,1.3360797222395153,193
2,선릉,IN,SAT,5.652849740932642,2.5,16.5,1.3360797222395153,193
2,선릉,OUT,DAY,4.72008547008547,2.0,16.5,1.6931008684078532,234
2,선릉,OUT,END,5.5561224489795915,2.5,16.5,1.3414164978957102,196
2,선릉,OUT,SAT,5.5561224489795915,2.5,16.5,1.3414164978957102,196
2,성수,IN,DAY,4.67381974248927,2.0,20.0,1.9736522031734245,233
2,성수,IN,END,5.6640625,2.0,19.5,1.517924373758542,192
2,성수,IN,SAT,5.6640625,2.0,19.5,1.517924373758542,192
2,성수,OUT,DAY,4.729437229437229,2.0,13.0,1.736863523511158,231
2,성수,OUT,END,5.6217616580310885,2.5,11.5,1.275548495248444,193
2,성수,OUT,SAT,5.6217616580310885,2.5,11.5,1.275548495248444,193
2,성수,UP,DAY,10.185185185185185,7.0,17.0,1.8653162301023232,108
2,성수,UP,END,10.676470588235293,9.0,15.0,1.3361816790109062,102
2,성수,UP,SAT,10.676470588235293,9.0,15.0,1.3361816790109062,102
2,시청,IN,DAY,4.717948717948718,2.0,15.5,1.784391813274655,234
2,시청,IN,END,5.7513089005235605,3.5,16.0,1.2574769491972682,191
2,시청,IN,SAT,5.7513089005235605,3.5,16.0,1.2574769491972682,191
2,시청,OUT,DAY,4.737068965517241,2.0,13.0,1.7388621533338289,232
2,시청,OUT,END,5.664948453608248,2.0,15.5,1.4817047482746935,194
2,시청,OUT,SAT,5.664948453608248,2.0,15.5,1.4817047482746935,194
2,신답,DOWN,DAY,10.185185185185185,7.0,16.0,1.9098766811887522,108
2,신답,DOWN,END,10.70873786407767,9.0,16.0,1.5187137744322647,103
2,신답,DOWN,SAT,10.70873786407767,9.0,16.0,1.5187137744322647,103
2,신답,UP,DAY,10.185185185185185,7.0,17.0,1.8653162301023232,108
2,신답,UP,END,10.689320388349515,9.0,15.0,1.3359958187500052,103
2,신답,UP,SAT,10.689320388349515,9.0,15.0,1.3359958187500052,103
2,신당,IN,DAY,4.69017094017094,2.0,10.5,1.664818222252303,234
2,신당,IN,END,5.722513089005235,3.0,14.5,1.0792131483468028,191
2,신당,IN,SAT,5.722513089005235,3.0,14.5,1.0792131483468028,191
2,신당,OUT,DAY,4.729437229437229,2.0,13.0,1.7337316211242741,231
2,신당,OUT,END,5.644329896907217,2.0,11.5,1.3417542513124432,194
2,신당,OUT,SAT,5.644329896907217,2.0,11.5,1.3417542513124432,194
2,신대방,IN,DAY,4.648936170212766,2.0,11.0,1.7212687057652587,235
2,신대방,IN,END,5.689119170984456,2.5,19.5,1.574284146609492,193
2,신대방,IN,SAT,5.689119170984456,2.5,19.5,1.574284146609492,193
2,신대방,OUT,DAY,4.766233766233766,2.0,20.5,1.984041355828425,231
2,신대방,OUT,END,5.6020408163265305,2.0,18.5,1.6907882908511431,196
2,신대방,OUT,SAT,5.6020408163265305,2.0,18.5,1.6907882908511431,196
2,신도림,DOWN,DAY,10.5,8.0,17.0,1.7066403719657228,104
2,신도림,DOWN,END,10.548076923076923,9.0,18.0,1.7674500731323879,104
2,신도림,DOWN,SAT,10.548076923076923,9.0,18.0,1.7674500731323879,104
2,신도림,IN,DAY,4.7155172413793105,2.0,15.0,1.8348763336733644,232
2,신도림,IN,END,5.760526315789473,3.5,17.0,1.3585978364896645,190
2,신도림,IN,SAT,5.760526315789473,3.5,17.0,1.3585978364896645,190
2,신도림,OUT,DAY,4.765217391304348,2.0,20.5,1.990503369583946,230
2,신도림,OUT,END,5.576923076923077,2.5,18.5,1.7025544087255762,195
2,신도림,OUT,SAT,5.576923076923077,2.5,18.5,1.7025544087255762,195
2,신림,IN,DAY,4.648936170212766,2.0,11.0,1.7212687057652587,235
2,신림,IN,END,5.689119170984456,2.5,19.5,1.574284146609492,193
2,신림,IN,SAT,5.689119170984456,2.5,19.5,1.574284146609492,193
2,신림,OUT,DAY,4.766233766233766,2.0,20.5,1.9829453536470787,231
2,신림,OUT,END,5.599489795918367,2.0,18.5,1.6638077258545507,196
2,신림,OUT,SAT,5.599489795918367,2.0,18.5,1.6638077258545507,196
2,신설동,DOWN,DAY,10.185185185185185,7.0,16.0,1.9098766811887522,108
2,신설동,DOWN,END,10.715686274509803,9.0,16.0,1.5245674665319884,102
2,신설동,DOWN,SAT,10.715686274509803,9.0,16.0,1.5245674665319884,102
2,신정네거리,DOWN,DAY,10.533333333333333,8.0,17.0,1.7324208643635217,105
2,신정네거리,DOWN,END,10.548076923076923,9.0,18.0,1.7674500731323879,104
2,신정네거리,DOWN,SAT,10.548076923076923,9.0,18.0,1.7674500731323879,104
2,신정네거리,UP,DAY,10.542857142857143,8.0,17.0,1.7098615071479832,105
2,신정네거리,UP,END,10.548076923076923,8.0,16.0,1.7453394678695207,104
2,신정네거리,UP,SAT,10.59047619047619,8.0,16.0,1.7904406317098747,105
2,신촌,IN,DAY,4.708154506437769,2.0,15.5,1.7879560021656113,233
2,신촌,IN,END,5.7539267015706805,3.5,16.5,1.2976386549458172,191
2,신촌,IN,SAT,5.7539267015706805,3.5,16.5,1.2976386549458172,191
2,신촌,OUT,DAY,4.746781115879829,2.0,13.0,1.7414323348563483,233
2,신촌,OUT,END,5.664948453608248,2.0,15.5,1.4851975139220677,194
2,신촌,OUT,SAT,5.664948453608248,2.0,15.5,1.4851975139220677,194
2,아현,IN,DAY,4.717948717948718,2.0,15.5,1.7891957761116752,234
2,아현,IN,END,5.7539267015706805,3.5,16.5,1.293576346034557,191
2,아현,IN,SAT,5.7539267015706805,3.5,16.5,1.293576346034557,191
2,아현,OUT,DAY,4.737068965517241,2.0,13.0,1.7388621533338289,232
2,아현,OUT,END,5.664948453608248,2.0,15.5,1.4817047482746935,194
2,아현,OUT,SAT,5.664948453608248,2.0,15.5,1.4817047482746935,194
2,양천구청,DOWN,DAY,10.5,8.0,17.0,1.7066403719657228,104
2,양천구청,DOWN,END,10.548076923076923,9.0,18.0,1.7674500731323879,104
2,양천구청,DOWN,SAT,10.548076923076923,9.0,18.0,1.7674500731323879,104
2,양천구청,UP,DAY,10.542857142857143,8.0,17.0,1.7098615071479832,105
2,양천구청,UP,END,10.548076923076923,8.0,16.0,1.7453394678695207,104
2,양천구청,UP,SAT,10.59047619047619,8.0,16.0,1.7904406317098747,105
2,역삼,IN,DAY,4.647435897435898,2.0,13.0,1.7458269822913155,234
2,역삼,IN,END,5.652849740932642,2.5,16.5,1.3360797222395153,193
2,역삼,IN,SAT,5.652849740932642,2.5,16.5,1.3360797222395153,193
2,역삼,OUT,DAY,4.72008547008547,2.0,16.5,1.6931008684078532,234
2,역삼,OUT,END,5.558673469387755,2.5,16.5,1.3692132404995152,196
2,역삼,OUT,SAT,5.558673469387755,2.5,16.5,1.3692132404995152,196
2,영등포구청,IN,DAY,4.7296137339055795,2.0,15.0,1.843518077448532,233
2,영등포구청,IN,END,5.761780104712042,3.5,17.0,1.352212601558135,191
2,영등포구청,IN,SAT,5.761780104712042,3.5,17.0,1.352212601558135,191
2,영등포구청,OUT,DAY,4.736051502145923,2.0,13.0,1.710158753699006,233
2,영등포구청,OUT,END,5.672680412371134,2.0,15.5,1.5538106362068276,194
2,영등포구청,OUT,SAT,5.672680412371134,2.0,15.5,1.5538106362068276,194
2,왕십리,IN,DAY,4.688034188034188,2.5,10.5,1.6530976200198921,234
2,왕십리,IN,END,5.717277486910994,3.0,15.0,1.066802858256965,191
2,왕십리,IN,SAT,5.717277486910994,3.0,15.0,1.066802858256965,191
2,왕십리,OUT,DAY,4.729437229437229,2.0,13.0,1.7337316211242741,231
2,왕십리,OUT,END,5.641752577319588,2.0,11.5,1.330884244067572,194
2,왕십리,OUT,SAT,5.641752577319588,2.0,11.5,1.330884244067572,194
2,용답,DOWN,DAY,10.185185185185185,7.0,16.0,1.9098766811887522,108
2,용답,DOWN,END,10.70873786407767,9.0,16.0,1.5187137744322647,103
2,용답,DOWN,SAT,10.70873786407767,9.0,16.0,1.5187137744322647,103
2,용답,UP,DAY,10.185185185185185,7.0,17.0,1.8653162301023232,108
2,용답,UP,END,10.689320388349515,9.0,15.0,1.3359958187500052,103
2,용답,UP,SAT,10.689320388349515,9.0,15.0,1.3359958187500052,103
2,용두,DOWN,DAY,10.185185185185185,7.0,16.0,1.9098766811887522,108
2,용두,DOWN,END,10.70873786407767,9.0,16.0,1.5187137744322647,103
2,용두,DOWN,SAT,10.70873786407767,9.0,16.0,1.5187137744322647,103
2,용두,UP,DAY,10.185185185185185,7.0,17.0,1.8653162301023232,108
2,용두,UP,END,10.689320388349515,9.0,15.0,1.3359958187500052,103
2,용두,UP,SAT,10.689320388349515,9.0,15.0,1.3359958187500052,103
2,을지로3가,IN,DAY,4.671673819742489,2.0,10.5,1.6415051009960715,233
2,을지로3가,IN,END,5.727748691099476,3.5,14.0,1.0962686280891598,191
2,을지로3가,IN,SAT,5.727748691099476,3.5,14.0,1.0962686280891598,191
2,을지로3가,OUT,DAY,4.756465517241379,2.0,13.0,1.7782844762465513,232
2,을지로3가,OUT,END,5.644329896907217,2.0,11.5,1.3388549025901302,194
2,을지로3가,OUT,SAT,5.644329896907217,2.0,11.5,1.3388549025901302,194
2,을지로4가,IN,DAY,4.671673819742489,2.0,10.5,1.6415051009960715,233
2,을지로4가,IN,END,5.727748691099476,3.5,14.0,1.0962686280891598,191
2,을지로4가,IN,SAT,5.727748691099476,3.5,14.0,1.0962686280891598,191
2,을지로4가,OUT,DAY,4.756465517241379,2.0,13.0,1.7782844762465513,232
2,을지로4가,OUT,END,5.644329896907217,2.0,11.5,1.3388549025901302,194
2,을지로4가,OUT,SAT,5.644329896907217,2.0,11.5,1.3388549025901302,194
2,을지로입구,IN,DAY,4.671673819742489,2.0,10.5,1.6415051009960715,233
2,을지로입구,IN,END,5.697368421052632,3.5,14.0,1.0153548242379675,190
2,을지로입구,IN,SAT,5.697368421052632,3.5,14.0,1.0153548242379675,190
2,을지로입구,OUT,DAY,4.7272727272727275,2.0,13.0,1.7255348028165718,231
2,을지로입구,OUT,END,5.6139896373057,2.0,11.5,1.2747390010215378,193
2,을지로입구,OUT,SAT,5.6139896373057,2.0,11.5,1.2747390010215378,193
2,이대,IN,DAY,4.708154506437769,2.0,15.5,1.786750212215588,233
2,이대,IN,END,5.7539267015706805,3.5,16.5,1.293576346034557,191
2,이대,IN,SAT,5.7539267015706805,3.5,16.5,1.293576346034557,191
2,이대,OUT,DAY,4.746781115879829,2.0,13.0,1.7414323348563483,233
2,이대,OUT,END,5.664948453608248,2.0,15.5,1.4851975139220677,194
2,이대,OUT,SAT,5.664948453608248,2.0,15.5,1.4851975139220677,194
2,잠실,IN,DAY,4.698717948717949,2.0,20.0,2.006437724103717,234
2,잠실,IN,END,5.668393782383419,2.5,19.5,1.491778165186703,193
2,잠실,IN,SAT,5.668393782383419,2.5,19.5,1.491778165186703,193
2,잠실,OUT,DAY,4.688034188034188,2.0,10.0,1.5262038739698514,234
2,잠실,OUT,END,5.576530612244898,2.0,21.0,1.5489484287591762,196
2,잠실,OUT,SAT,5.576530612244898,2.0,21.0,1.5489484287591762,196
2,잠실나루,IN,DAY,4.698717948717949,2.0,20.0,2.002155078592129,234
2,잠실나루,IN,END,5.668393782383419,2.5,19.5,1.5074074081441309,193
2,잠실나루,IN,SAT,5.668393782383419,2.5,19.5,1.5074074081441309,193
2,잠실나루,OUT,DAY,4.688034188034188,2.0,10.0,1.5262038739698514,234
2,잠실나루,OUT,END,5.576530612244898,2.0,21.0,1.5489484287591762,196
2,잠실나루,OUT,SAT,5.576530612244898,2.0,21.0,1.5489484287591762,196
2,잠실새내,IN,DAY,4.698717948717949,2.0,20.0,2.006437724103717,234
2,잠실새내,IN,END,5.668393782383419,2.5,19.5,1.491778165186703,193
2,잠실새내,IN,SAT,5.668393782383419,2.5,19.5,1.491778165186703,193
2,잠실새내,OUT,DAY,4.688034188034188,2.0,10.0,1.5325180487164294,234
2,잠실새내,OUT,END,5.579081632653061,2.5,21.0,1.5517140806777938,196
2,잠실새내,OUT,SAT,5.579081632653061,2.5,21.0,1.5517140806777938,196
2,종합운동장,IN,DAY,4.714893617021277,2.0,20.0,2.0174430295607326,235
2,종합운동장,IN,END,5.668393782383419,2.5,19.5,1.491778165186703,193
2,종합운동장,IN,SAT,5.668393782383419,2.5,19.5,1.491778165186703,193
2,종합운동장,OUT,DAY,4.669527896995708,2.0,10.0,1.5093867904068228,233
2,종합운동장,OUT,END,5.579081632653061,2.5,21.0,1.5517140806777938,196
2,종합운동장,OUT,SAT,5.579081632653061,2.5,21.0,1.5517140806777938,196
2,충정로,IN,DAY,4.717948717948718,2.0,15.5,1.7891957761116752,234
2,충정로,IN,END,5.7539267015706805,3.5,16.5,1.293576346034557,191
2,충정로,IN,SAT,5.7539267015706805,3.5,16.5,1.293576346034557,191
2,충정로,OUT,DAY,4.737068965517241,2.0,13.0,1.7388621533338289,232
2,충정로,OUT,END,5.664948453608248,2.0,15.5,1.4817047482746935,194
2,충정로,OUT,SAT,5.664948453608248,2.0,15.5,1.4817047482746935,194
2,한양대,IN,DAY,4.688034188034188,2.5,10.5,1.6530976200198921,234
2,한양대,IN,END,5.717277486910994,3.0,15.0,1.066802858256965,191
2,한양대,IN,SAT,5.717277486910994,3.0,15.0,1.066802858256965,191
2,한양대,OUT,DAY,4.729437229437229,2.0,13.0,1.736863523511158,231
2,한양대,OUT,END,5.639175257731959,2.0,11.5,1.3110575331143723,194
2,한양대,OUT,SAT,5.639175257731959,2.0,11.5,1.3110575331143723,194
2,합정,IN,DAY,4.7296137339055795,2.0,15.0,1.843518077448532,233
2,합정,IN,END,5.7643979057591626,3.5,17.0,1.3676678300922616,191
2,합정,IN,SAT,5.7643979057591626,3.5,17.0,1.3676678300922616,191
2,합정,OUT,DAY,4.717672413793103,2.0,13.0,1.6906382706991432,232
2,합정,OUT,END,5.664948453608248,2.0,15.0,1.500814372170197,194
2,합정,OUT,SAT,5.664948453608248,2.0,15.0,1.500814372170197,194
2,홍대입구,IN,DAY,4.708154506437769,2.0,15.5,1.7879560021656113,233
2,홍대입구,IN,END,5.734210526315789,3.5,16.5,1.2689362115107754,190
2,홍대입구,IN,SAT,5.734210526315789,3.5,16.5,1.2689362115107754,190
2,홍대입구,OUT,DAY,4.717672413793103,2.0,13.0,1.6906382706991432,232
2,홍대입구,OUT,END,5.632124352331606,2.0,15.0,1.4332015970509144,193
2,홍대입구,OUT,SAT,5.632124352331606,2.0,15.0,1.4332015970509144,193
4,경마공원,DOWN,DAY,8.669354838709678,2.5,16.5,2.5874046832718394,124
4,경마공원,DOWN,END,9.985981308411215,5.0,23.0,2.9592021042819887,107
4,경마공원,DOWN,SAT,9.985981308411215,5.0,23.0,2.9592021042819887,107
4,경마공원,UP,DAY,8.830645161290322,3.0,17.5,2.8675979982504334,124
4,경마공원,UP,END,10.041666666666666,5.0,30.0,3.32304682285939,108
4,경마공원,UP,SAT,10.041666666666666,5.0,30.0,3.32304682285939,108
4,고잔,DOWN,DAY,8.895833333333334,2.5,18.5,2.8475965343441767,120
4,고잔,DOWN,END,9.976635514018692,5.0,18.0,2.853649746435366,107
4,고잔,DOWN,SAT,9.976635514018692,5.0,18.0,2.853649746435366,107
4,고잔,UP,DAY,8.884,2.0,17.5,3.0000913964572438,125
4,고잔,UP,END,10.027522935779816,5.0,25.0,3.0918312792245475,109
4,고잔,UP,SAT,10.027522935779816,5.0,25.0,3.0918312792245475,109
4,과천,DOWN,DAY,8.669354838709678,2.5,16.5,2.5874046832718394,124
4,과천,DOWN,END,9.985981308411215,5.0,23.0,2.9592021042819887,107
4,과천,DOWN,SAT,9.985981308411215,5.0,23.0,2.9592021042819887,107
4,과천,UP,DAY,8.830645161290322,3.0,17.5,2.869015224928356,124
4,과천,UP,END,10.041666666666666,5.0,30.0,3.32304682285939,108
4,과천,UP,SAT,10.041666666666666,5.0,30.0,3.32304682285939,108
4,금정,DOWN,DAY,8.617886178861788,2.5,16.5,2.5334494245866757,123
4,금정,DOWN,END,9.86320754716981,5.0,17.0,2.6855282524317565,106
4,금정,DOWN,SAT,9.86320754716981,5.0,17.0,2.6855282524317565,106
4,금정,UP,DAY,8.884,3.0,17.5,2.9197160710390784,125
4,금정,UP,END,9.94954128440367,5.0,18.0,2.804547360759447,109
4,금정,UP,SAT,9.94954128440367,5.0,18.0,2.804547360759447,109
4,길음,DOWN,DAY,4.668103448275862,2.5,13.0,1.5735145066608192,232
4,길음,DOWN,END,5.561855670103093,4.0,17.0,1.4210806148054984,194
4,길음,DOWN,SAT,5.561855670103093,4.0,17.0,1.4210806148054984,194
4,길음,UP,DAY,4.707423580786026,2.5,16.0,1.6581766829556037,229
4,길음,UP,END,5.554123711340206,3.0,15.0,1.3556286441668444,194
4,길음,UP,SAT,5.554123711340206,3.0,15.0,1.3556286441668444,194
4,남태령,DOWN,DAY,8.669354838709678,2.5,16.5,2.5874046832718394,124
4,남태령,DOWN,END,9.99537037037037,5.0,23.0,2.9469573810065564,108
4,남태령,DOWN,SAT,9.99537037037037,5.0,23.0,2.9469573810065564,108
4,남태령,UP,DAY,8.830645161290322,3.0,17.5,2.8675979982504334,124
4,남태령,UP,END,10.041666666666666,5.0,30.0,3.32304682285939,108
4,남태령,UP,SAT,10.041666666666666,5.0,30.0,3.32304682285939,108
4,노원,DOWN,DAY,4.963800904977376,2.5,19.0,1.8904189136992637,221
4,노원,DOWN,END,5.564766839378239,4.0,17.0,1.424196437373714,193
4,노원,DOWN,SAT,5.564766839378239,4.0,17.0,1.424196437373714,193
4,노원,UP,DAY,4.6951754385964914,2.5,16.0,1.6487409332945406,228
4,노원,UP,END,5.541450777202073,3.0,15.0,1.347583473339066,193
4,노원,UP,SAT,5.541450777202073,3.0,15.0,1.347583473339066,193
4,대공원,DOWN,DAY,8.669354838709678,2.5,16.5,2.5874046832718394,124
4,대공원,DOWN,END,9.985981308411215,5.0,23.0,2.9592021042819887,107
4,대공원,DOWN,SAT,9.985981308411215,5.0,23.0,2.9592021042819887,107
4,대공원,UP,DAY,8.830645161290322,3.0,17.5,2.8675979982504334,124
4,대공원,UP,END,10.041666666666666,5.0,30.0,3.32304682285939,108
4,대공원,UP,SAT,10.041666666666666,5.0,30.0,3.32304682285939,108
4,대야미,DOWN,DAY,8.888429752066116,2.5,18.5,2.8631914036218578,121
4,대야미,DOWN,END,10.00462962962963,5.0,18.0,2.8551440462952455,108
4,대야미,DOWN,SAT,10.00462962962963,5.0,18.0,2.8551440462952455,108
4,대야미,UP,DAY,8.884,3.0,17.5,2.9519922195893624,125
4,대야미,UP,END,10.027522935779816,5.0,25.0,3.0918312792245475,109
4,대야미,UP,SAT,10.027522935779816,5.0,25.0,3.0918312792245475,109
4,동대문,DOWN,DAY,4.706008583690987,2.5,13.5,1.6733349778815552,233
4,동대문,DOWN,END,5.592307692307692,4.0,17.0,1.4798273470247734,195
4,동대문,DOWN,SAT,5.592307692307692,4.0,17.0,1.4798273470247734,195
4,동대문,UP,DAY,4.745652173913044,2.5,16.0,1.753188800498041,230
4,동대문,UP,END,5.607692307692307,3.0,16.0,1.545259564387898,195
4,동대문,UP,SAT,5.607692307692307,3.0,16.0,1.545259564387898,195
4,동대문역사문화공원,DOWN,DAY,4.706008583690987,2.5,13.5,1.6733349778815552,233
4,동대문역사문화공원,DOWN,END,5.592307692307692,4.0,17.0,1.4798273470247734,195
4,동대문역사문화공원,DOWN,SAT,5.592307692307692,4.0,17.0,1.4798273470247734,195
4,동대문역사문화공원,UP,DAY,4.755411255411255,2.5,16.0,1.755650178003847,231
4,동대문역사문화공원,UP,END,5.607692307692307,3.0,16.0,1.545259564387898,195
4,동대문역사문화공원,UP,SAT,5.607692307692307,3.0,16.0,1.545259564387898,195
4,동작,DOWN,DAY,4.642857142857143,2.5,12.5,1.525558649330331,231
4,동작,DOWN,END,5.533505154639175,4.0,13.0,1.2342945300939823,194
4,동작,DOWN,SAT,5.533505154639175,4.0,13.0,1.2342945300939823,194
4,동작,UP,DAY,4.726293103448276,2.5,13.5,1.6040662778311798,232
4,동작,UP,END,5.559278350515464,3.0,16.0,1.393114635785867,194
4,동작,UP,SAT,5.559278350515464,3.0,16.0,1.393114635785867,194
4,명동,DOWN,DAY,4.668103448275862,2.5,13.0,1.5735145066608192,232
4,명동,DOWN,END,5.592307692307692,4.0,17.0,1.4798273470247734,195
4,명동,DOWN,SAT,5.592307692307692,4.0,17.0,1.4798273470247734,195
4,명동,UP,DAY,4.755411255411255,2.5,16.0,1.755650178003847,231
4,명동,UP,END,5.607692307692307,3.0,16.0,1.545259564387898,195
4,명동,UP,SAT,5.607692307692307,3.0,16.0,1.545259564387898,195
4,미아,DOWN,DAY,4.668103448275862,2.5,13.0,1.5735145066608192,232
4,미아,DOWN,END,5.561855670103093,4.0,17.0,1.4210806148054984,194
4,미아,DOWN,SAT,5.561855670103093,4.0,17.0,1.4210806148054984,194
4,미아,UP,DAY,4.707423580786026,2.5,16.0,1.656191705247079,229
4,미아,UP,END,5.554123711340206,3.0,15.0,1.3556286441668444,194
4,미아,UP,SAT,5.554123711340206,3.0,15.0,1.3556286441668444,194
4,미아사거리,DOWN,DAY,4.668103448275862,2.5,13.0,1.5735145066608192,232
4,미아사거리,DOWN,END,5.561855670103093,4.0,17.0,1.4210806148054984,194
4,미아사거리,DOWN,SAT,5.561855670103093,4.0,17.0,1.4210806148054984,194
4,미아사거리,UP,DAY,4.707423580786026,2.5,16.0,1.656191705247079,229
4,미아사거리,UP,END,5.554123711340206,3.0,15.0,1.3556286441668444,194
4,미아사거리,UP,SAT,5.554123711340206,3.0,15.0,1.3556286441668444,194
4,반월,DOWN,DAY,8.888429752066116,2.5,18.5,2.8631914036218578,121
4,반월,DOWN,END,10.00462962962963,5.0,18.0,2.8551440462952455,108
4,반월,DOWN,SAT,10.00462962962963,5.0,18.0,2.8551440462952455,108
4,반월,UP,DAY,8.884,2.5,17.5,2.995383544831139,125
4,반월,UP,END,10.027522935779816,5.0,25.0,3.0918312792245475,109
4,반월,UP,SAT,10.027522935779816,5.0,25.0,3.0918312792245475,109
4,범계,DOWN,DAY,8.617886178861788,2.5,16.5,2.5334494245866757,123
4,범계,DOWN,END,9.985981308411215,5.0,23.0,2.9592021042819887,107
4,범계,DOWN,SAT,9.985981308411215,5.0,23.0,2.9592021042819887,107
4,범계,UP,DAY,8.830645161290322,3.0,17.5,2.8711397532725442,124
4,범계,UP,END,10.041666666666666,5.0,30.0,3.32304682285939,108
4,범계,UP,SAT,10.041666666666666,5.0,30.0,3.32304682285939,108
4,별내별가람,DOWN,DAY,14.5,6.0,30.0,4.722716808581058,75
4,별내별가람,DOWN,END,18.655172413793103,10.0,30.0,5.049063571812907,58
4,별내별가람,DOWN,SAT,18.655172413793103,10.0,30.0,5.049063571812907,58
4,별내별가람,UP,DAY,14.606666666666667,6.0,29.0,4.266694819726938,75
4,별내별가람,UP,END,18.853448275862068,10.0,28.0,4.575879381202346,58
4,별내별가람,UP,SAT,18.853448275862068,10.0,28.0,4.575879381202346,58
4,불암산,DOWN,DAY,14.5,6.0,30.0,4.722716808581058,75
4,불암산,DOWN,END,18.655172413793103,10.0,30.0,5.049063571812907,58
4,불암산,DOWN,SAT,18.655172413793103,10.0,30.0,5.049063571812907,58
4,불암산,UP,DAY,4.68942731277533,2.5,16.0,1.6440488354160931,227
4,불암산,UP,END,5.528645833333333,3.0,15.0,1.3392825459116515,192
4,불암산,UP,SAT,5.528645833333333,3.0,15.0,1.3392825459116515,192
4,사당,DOWN,DAY,4.642857142857143,2.5,12.5,1.525558649330331,231
4,사당,DOWN,END,5.505181347150259,4.0,13.0,1.1725924329522708,193
4,사당,DOWN,SAT,5.505181347150259,4.0,13.0,1.1725924329522708,193
4,사당,UP,DAY,8.848,3.0,17.5,2.8625952583107566,125
4,사당,UP,END,9.98611111111111,5.0,24.0,3.022855564402619,108
4,사당,UP,SAT,9.98611111111111,5.0,24.0,3.022855564402619,108
4,산본,DOWN,DAY,8.732,2.5,16.5,2.668925118905096,125
4,산본,DOWN,END,10.00462962962963,5.0,18.0,2.8551440462952455,108
4,산본,DOWN,SAT,10.00462962962963,5.0,18.0,2.8551440462952455,108
4,산본,UP,DAY,8.818548387096774,3.0,17.5,2.843716992067422,124
4,산본,UP,END,10.027522935779816,5.0,25.0,3.0918312792245475,109
4,산본,UP,SAT,10.027522935779816,5.0,25.0,3.0918312792245475,109
4,삼각지,DOWN,DAY,4.665948275862069,2.5,12.5,1.5623561286203946,232
4,삼각지,DOWN,END,5.533505154639175,4.0,13.0,1.2342945300939823,194
4,삼각지,DOWN,SAT,5.533505154639175,4.0,13.0,1.2342945300939823,194
4,삼각지,UP,DAY,4.712121212121212,2.5,13.5,1.5929273852906665,231
4,삼각지,UP,END,5.559278350515464,3.0,16.0,1.393114635785867,194
4,삼각지,UP,SAT,5.559278350515464,3.0,16.0,1.393114635785867,194
4,상계,DOWN,DAY,4.963800904977376,2.5,19.0,1.8904189136992637,221
4,상계,DOWN,END,5.564766839378239,4.0,17.0,1.424196437373714,193
4,상계,DOWN,SAT,5.564766839378239,4.0,17.0,1.424196437373714,193
4,상계,UP,DAY,4.6951754385964914,2.5,16.0,1.6487409332945406,228
4,상계,UP,END,5.541450777202073,3.0,15.0,1.347583473339066,193
4,상계,UP,SAT,5.541450777202073,3.0,15.0,1.347583473339066,193
4,상록수,DOWN,DAY,8.673387096774194,2.5,16.5,2.7170377482399113,124
4,상록수,DOWN,END,10.00462962962963,5.0,18.0,2.8551440462952455,108
4,상록수,DOWN,SAT,10.00462962962963,5.0,18.0,2.8551440462952455,108
4,상록수,UP,DAY,8.884,2.5,17.5,3.0000913964572438,125
4,상록수,UP,END,10.027522935779816,5.0,25.0,3.0918312792245475,109
4,상록수,UP,SAT,10.027522935779816,5.0,25.0,3.0918312792245475,109
4,서울역,DOWN,DAY,4.668103448275862,2.5,13.0,1.5735145066608192,232
4,서울역,DOWN,END,5.533505154639175,4.0,13.0,1.2342945300939823,194
4,서울역,DOWN,SAT,5.533505154639175,4.0,13.0,1.2342945300939823,194
4,서울역,UP,DAY,4.712121212121212,2.5,13.5,1.5929273852906665,231
4,서울역,UP,END,5.559278350515464,3.0,16.0,1.393114635785867,194
4,서울역,UP,SAT,5.559278350515464,3.0,16.0,1.393114635785867,194
4,선바위,DOWN,DAY,8.669354838709678,2.5,16.5,2.5874046832718394,124
4,선바위,DOWN,END,9.985981308411215,5.0,23.0,2.9592021042819887,107
4,선바위,DOWN,SAT,9.985981308411215,5.0,23.0,2.9592021042819887,107
4,선바위,UP,DAY,8.830645161290322,3.0,17.5,2.8675979982504334,124
4,선바위,UP,END,10.041666666666666,5.0,30.0,3.32304682285939,108
4,선바위,UP,SAT,10.041666666666666,5.0,30.0,3.32304682285939,108
4,성신여대입구,DOWN,DAY,4.668103448275862,2.5,13.0,1.5735145066608192,232
4,성신여대입구,DOWN,END,5.561855670103093,4.0,17.0,1.4210806148054984,194
4,성신여대입구,DOWN,SAT,5.561855670103093,4.0,17.0,1.4210806148054984,194
4,성신여대입구,UP,DAY,4.745652173913044,2.5,16.0,1.753188800498041,230
4,성신여대입구,UP,END,5.554123711340206,3.0,15.0,1.3556286441668444,194
4,성신여대입구,UP,SAT,5.554123711340206,3.0,15.0,1.3556286441668444,194
4,수리산,DOWN,DAY,8.888429752066116,2.5,18.5,2.8631914036218578,121
4,수리산,DOWN,END,10.00462962962963,5.0,18.0,2.8551440462952455,108
4,수리산,DOWN,SAT,10.00462962962963,5.0,18.0,2.8551440462952455,108
4,수리산,UP,DAY,8.884,3.0,17.5,2.9300555978430878,125
4,수리산,UP,END,10.027522935779816,5.0,25.0,3.0918312792245475,109
4,수리산,UP,SAT,10.027522935779816,5.0,25.0,3.0918312792245475,109
4,수유,DOWN,DAY,4.7296137339055795,2.5,19.0,1.8294356408325758,233
4,수유,DOWN,END,5.561855670103093,4.0,17.0,1.4210806148054984,194
4,수유,DOWN,SAT,5.561855670103093,4.0,17.0,1.4210806148054984,194
4,수유,UP,DAY,4.707423580786026,2.5,16.0,1.656191705247079,229
4,수유,UP,END,5.554123711340206,3.0,15.0,1.3556286441668444,194
4,수유,UP,SAT,5.554123711340206,3.0,15.0,1.3556286441668444,194
4,숙대입구,DOWN,DAY,4.665948275862069,2.5,12.5,1.5623561286203946,232
4,숙대입구,DOWN,END,5.533505154639175,4.0,13.0,1.2342945300939823,194
4,숙대입구,DOWN,SAT,5.533505154639175,4.0,13.0,1.2342945300939823,194
4,숙대입구,UP,DAY,4.712121212121212,2.5,13.5,1.5929273852906665,231
4,숙대입구,UP,END,5.559278350515464,3.0,16.0,1.393114635785867,194
4,숙대입구,UP,SAT,5.559278350515464,3.0,16.0,1.393114635785867,194
4,신길온천,DOWN,DAY,10.442857142857143,4.0,41.0,4.539524228350392,105
4,신길온천,DOWN,END,11.478494623655914,5.0,24.0,3.445155687223716,93
4,신길온천,DOWN,SAT,11.478494623655914,5.0,24.0,3.445155687223716,93
4,신길온천,UP,DAY,10.055045871559633,3.0,18.0,3.3391195956123294,109
4,신길온천,UP,END,11.425531914893616,5.0,25.0,3.237845300063382,94
4,신길온천,UP,SAT,11.425531914893616,5.0,25.0,3.237845300063382,94
4,신용산,DOWN,DAY,4.665948275862069,2.5,12.5,1.5623561286203946,232
4,신용산,DOWN,END,5.533505154639175,4.0,13.0,1.2342945300939823,194
4,신용산,DOWN,SAT,5.533505154639175,4.0,13.0,1.2342945300939823,194
4,신용산,UP,DAY,4.726293103448276,2.5,13.5,1.6040662778311798,232
4,신용산,UP,END,5.559278350515464,3.0,16.0,1.393114635785867,194
4,신용산,UP,SAT,5.559278350515464,3.0,16.0,1.393114635785867,194
4,쌍문,DOWN,DAY,4.7296137339055795,2.5,19.0,1.8294356408325758,233
4,쌍문,DOWN,END,5.561855670103093,4.0,17.0,1.4210806148054984,194
4,쌍문,DOWN,SAT,5.561855670103093,4.0,17.0,1.4210806148054984,194
4,쌍문,UP,DAY,4.707423580786026,2.5,16.0,1.656191705247079,229
4,쌍문,UP,END,5.554123711340206,3.0,15.0,1.3556286441668444,194
4,쌍문,UP,SAT,5.554123711340206,3.0,15.0,1.3556286441668444,194
4,안산,DOWN,DAY,8.678861788617887,2.5,16.5,2.7861852418768773,123
4,안산,DOWN,END,9.976635514018692,5.0,18.0,2.853649746435366,107
4,안산,DOWN,SAT,9.976635514018692,5.0,18.0,2.853649746435366,107
4,안산,UP,DAY,10.055045871559633,2.0,18.0,3.357095477369182,109
4,안산,UP,END,11.425531914893616,5.0,25.0,3.237845300063382,94
4,안산,UP,SAT,11.425531914893616,5.0,25.0,3.237845300063382,94
4,오남,DOWN,DAY,14.605263157894736,6.0,30.0,4.780038904635041,76
4,오남,DOWN,END,18.655172413793103,10.0,30.0,5.049063571812907,58
4,오남,DOWN,SAT,18.655172413793103,10.0,30.0,5.049063571812907,58
4,오남,UP,DAY,14.606666666666667,6.0,29.0,4.266694819726938,75
4,오남,UP,END,18.853448275862068,10.0,28.0,4.575879381202346,58
4,오남,UP,SAT,18.853448275862068,10.0,28.0,4.575879381202346,58
4,오이도,DOWN,DAY,10.152777777777779,2.5,41.0,4.278537140461129,108
4,오이도,DOWN,END,11.429347826086957,5.0,24.0,3.4310969009373076,92
4,오이도,DOWN,SAT,11.429347826086957,5.0,24.0,3.4310969009373076,92
4,이촌,DOWN,DAY,4.665948275862069,2.5,12.5,1.5623561286203946,232
4,이촌,DOWN,END,5.533505154639175,4.0,13.0,1.2342945300939823,194
4,이촌,DOWN,SAT,5.533505154639175,4.0,13.0,1.2342945300939823,194
4,이촌,UP,DAY,4.726293103448276,2.5,13.5,1.6040662778311798,232
4,이촌,UP,END,5.559278350515464,3.0,16.0,1.393114635785867,194
4,이촌,UP,SAT,5.559278350515464,3.0,16.0,1.393114635785867,194
4,인덕원,DOWN,DAY,8.617886178861788,2.5,16.5,2.5334494245866757,123
4,인덕원,DOWN,END,9.985981308411215,5.0,23.0,2.9592021042819887,107
4,인덕원,DOWN,SAT,9.985981308411215,5.0,23.0,2.9592021042819887,107
4,인덕원,UP,DAY,8.830645161290322,3.0,17.5,2.8718475801254377,124
4,인덕원,UP,END,10.041666666666666,5.0,30.0,3.32304682285939,108
4,인덕원,UP,SAT,10.041666666666666,5.0,30.0,3.32304682285939,108
4,정부과천청사,DOWN,DAY,8.669354838709678,2.5,16.5,2.5874046832718394,124
4,정부과천청사,DOWN,END,9.985981308411215,5.0,23.0,2.9592021042819887,107
4,정부과천청사,DOWN,SAT,9.985981308411215,5.0,23.0,2.9592021042819887,107
4,정부과천청사,UP,DAY,8.830645161290322,3.0,17.5,2.8718475801254377,124
4,정부과천청사,UP,END,10.041666666666666,5.0,30.0,3.32304682285939,108
4,정부과천청사,UP,SAT,10.041666666666666,5.0,30.0,3.32304682285939,108
4,정왕,DOWN,DAY,10.152777777777779,2.5,41.0,4.277444829324252,108
4,정왕,DOWN,END,11.429347826086957,5.0,24.0,3.4310969009373076,92
4,정왕,DOWN,SAT,11.429347826086957,5.0,24.0,3.4310969009373076,92
4,정왕,UP,DAY,10.055045871559633,3.0,18.0,3.3398127647267706,109
4,정왕,UP,END,11.425531914893616,5.0,25.0,3.237845300063382,94
4,정왕,UP,SAT,11.425531914893616,5.0,25.0,3.237845300063382,94
4,중앙,DOWN,DAY,8.673387096774194,2.5,16.5,2.7615569094959818,124
4,중앙,DOWN,END,9.976635514018692,5.0,18.0,2.853649746435366,107
4,중앙,DOWN,SAT,9.976635514018692,5.0,18.0,2.853649746435366,107
4,중앙,UP,DAY,8.884,2.5,17.5,2.9974021009598815,125
4,중앙,UP,END,10.027522935779816,5.0,25.0,3.0918312792245475,109
4,중앙,UP,SAT,10.027522935779816,5.0,25.0,3.0918312792245475,109
4,진접,UP,DAY,14.628378378378379,6.0,29.0,4.2916459233702975,74
4,진접,UP,END,18.853448275862068,10.0,28.0,4.575879381202346,58
4,진접,UP,SAT,18.853448275862068,10.0,28.0,4.575879381202346,58
4,창동,DOWN,DAY,4.963963963963964,2.5,19.0,1.8861386633858757,222
4,창동,DOWN,END,5.561855670103093,4.0,17.0,1.4210806148054984,194
4,창동,DOWN,SAT,5.561855670103093,4.0,17.0,1.4210806148054984,194
4,창동,UP,DAY,4.6951754385964914,2.5,16.0,1.6487409332945406,228
4,창동,UP,END,5.541450777202073,3.0,15.0,1.347583473339066,193
4,창동,UP,SAT,5.541450777202073,3.0,15.0,1.347583473339066,193
4,초지,DOWN,DAY,8.678861788617887,2.5,16.5,2.8088925544385606,123
4,초지,DOWN,END,9.976635514018692,5.0,18.0,2.853649746435366,107
4,초지,DOWN,SAT,9.976635514018692,5.0,18.0,2.853649746435366,107
4,초지,UP,DAY,8.884,1.5,17.5,3.008144857527803,125
4,초지,UP,END,10.027522935779816,5.0,25.0,3.0918312792245475,109
4,초지,UP,SAT,10.027522935779816,5.0,25.0,3.0918312792245475,109
4,총신대입구,DOWN,DAY,4.642857142857143,2.5,12.5,1.525558649330331,231
4,총신대입구,DOWN,END,5.533505154639175,4.0,13.0,1.2342945300939823,194
4,총신대입구,DOWN,SAT,5.533505154639175,4.0,13.0,1.2342945300939823,194
4,총신대입구,UP,DAY,4.726293103448276,2.5,13.5,1.6040662778311798,232
4,총신대입구,UP,END,5.559278350515464,3.0,16.0,1.393114635785867,194
4,총신대입구,UP,SAT,5.559278350515464,3.0,16.0,1.393114635785867,194
4,충무로,DOWN,DAY,4.703862660944206,2.5,13.0,1.6622929267009863,233
4,충무로,DOWN,END,5.592307692307692,4.0,17.0,1.4798273470247734,195
4,충무로,DOWN,SAT,5.592307692307692,4.0,17.0,1.4798273470247734,195
4,충무로,UP,DAY,4.755411255411255,2.5,16.0,1.755650178003847,231
4,충무로,UP,END,5.607692307692307,3.0,16.0,1.545259564387898,195
4,충무로,UP,SAT,5.607692307692307,3.0,16.0,1.545259564387898,195
4,평촌,DOWN,DAY,8.617886178861788,2.5,16.5,2.5334494245866757,123
4,평촌,DOWN,END,9.985981308411215,5.0,23.0,2.9592021042819887,107
4,평촌,DOWN,SAT,9.985981308411215,5.0,23.0,2.9592021042819887,107
4,평촌,UP,DAY,8.830645161290322,3.0,17.5,2.8718475801254377,124
4,평촌,UP,END,10.041666666666666,5.0,30.0,3.32304682285939,108
4,평촌,UP,SAT,10.041666666666666,5.0,30.0,3.32304682285939,108
4,한대앞,DOWN,DAY,8.888429752066116,2.5,18.5,2.836875924987574,121
4,한대앞,DOWN,END,10.00462962962963,5.0,18.0,2.8551440462952455,108
4,한대앞,DOWN,SAT,10.00462962962963,5.0,18.0,2.8551440462952455,108
4,한대앞,UP,DAY,8.884,2.5,17.5,2.9974021009598815,125
4,한대앞,UP,END,10.027522935779816,5.0,25.0,3.0918312792245475,109
4,한대앞,UP,SAT,10.027522935779816,5.0,25.0,3.0918312792245475,109
4,한성대입구,DOWN,DAY,4.668103448275862,2.5,13.0,1.5735145066608192,232
4,한성대입구,DOWN,END,5.561855670103093,4.0,17.0,1.4210806148054984,194
4,한성대입구,DOWN,SAT,5.561855670103093,4.0,17.0,1.4210806148054984,194
4,한성대입구,UP,DAY,4.745652173913044,2.5,16.0,1.753188800498041,230
4,한성대입구,UP,END,5.554123711340206,3.0,15.0,1.3556286441668444,194
4,한성대입구,UP,SAT,5.554123711340206,3.0,15.0,1.3556286441668444,194
4,혜화,DOWN,DAY,4.706008583690987,2.5,13.5,1.6733349778815552,233
4,혜화,DOWN,END,5.592307692307692,4.0,17.0,1.4798273470247734,195
4,혜화,DOWN,SAT,5.592307692307692,4.0,17.0,1.4798273470247734,195
4,혜화,UP,DAY,4.745652173913044,2.5,16.0,1.753188800498041,230
4,혜화,UP,END,5.607692307692307,3.0,16.0,1.545259564387898,195
4,혜화,UP,SAT,5.607692307692307,3.0,16.0,1.545259564387898,195
4,회현,DOWN,DAY,4.668103448275862,2.5,13.0,1.5735145066608192,232
4,회현,DOWN,END,5.592307692307692,4.0,17.0,1.4798273470247734,195
4,회현,DOWN,SAT,5.592307692307692,4.0,17.0,1.4798273470247734,195
4,회현,UP,DAY,4.760775862068965,2.5,16.0,1.7537505392368986,232
4,회현,UP,END,5.607692307692307,3.0,16.0,1.545259564387898,195
4,회현,UP,SAT,5.607692307692307,3.0,16.0,1.545259564387898,195
5,강동,DOWN,DAY,5.697048611111111,2.5,15.0,1.8383091207556899,192
5,강동,DOWN,END,6.787784679089026,6.5,15.0,1.1596496683684843,161
5,강동,DOWN,SAT,6.787784679089026,6.5,15.0,1.1596496683684843,161
5,강동,UP,DAY,5.589743589743589,1.5,14.0,1.842854903426547,195
5,강동,UP,END,6.798136645962733,6.5,13.0,1.0298344557312016,161
5,강동,UP,SAT,6.798136645962733,6.5,13.0,1.0298344557312016,161
5,강일,DOWN,DAY,11.617753623188408,4.833333333333333,17.0,2.7026575402557493,92
5,강일,DOWN,END,13.441666666666668,8.166666666666666,31.5,2.4484990666375377,80
5,강일,DOWN,SAT,13.441666666666668,8.166666666666666,31.5,2.4484990666375377,80
5,강일,UP,DAY,12.247191011235955,4.0,27.0,3.9335638382277764,89
5,강일,UP,END,14.30921052631579,13.0,28.0,3.6459723031158258,76
5,강일,UP,SAT,14.30921052631579,13.0,28.0,3.6459723031158258,76
5,개롱,DOWN,DAY,9.930303030303032,2.8333333333333335,16.5,3.281895307356938,110
5,개롱,DOWN,END,12.927450980392155,4.333333333333333,21.166666666666668,2.0776027627924094,85
5,개롱,DOWN,SAT,12.927450980392155,4.333333333333333,21.166666666666668,2.0776027627924094,85
5,개롱,UP,DAY,11.46875,5.0,25.5,3.3061445983597206,96
5,개롱,UP,END,13.5875,13.0,25.5,2.0372713819087296,80
5,개롱,UP,SAT,13.5875,13.0,25.5,2.0372713819087296,80
5,개화산,DOWN,DAY,5.695876288659794,2.5,18.0,1.7559029990660533,194
5,개화산,DOWN,END,6.726708074534161,6.5,12.5,0.7765112494335767,161
5,개화산,DOWN,SAT,6.726708074534161,6.5,12.5,0.7765112494335767,161
5,개화산,UP,DAY,5.610243055555556,2.5,14.833333333333334,1.6548883460816617,192
5,개화산,UP,END,6.744791666666667,6.5,14.833333333333334,0.9280401482540982,160
5,개화산,UP,SAT,6.744791666666667,6.5,14.833333333333334,0.9280401482540982,160
5,거여,DOWN,DAY,9.930303030303032,2.8333333333333335,16.5,3.281895307356938,110
5,거여,DOWN,END,12.890873015873016,4.333333333333333,21.166666666666668,2.0623633860266866,84
5,거여,DOWN,SAT,12.890873015873016,4.333333333333333,21.166666666666668,2.0623633860266866,84
5,거여,UP,DAY,11.46875,5.0,25.5,3.3061445983597206,96
5,거여,UP,END,13.5875,13.0,25.5,2.0372713819087296,80
5,거여,UP,SAT,13.5875,13.0,25.5,2.0372713819087296,80
5,고덕,DOWN,DAY,10.962962962962964,3.3333333333333335,17.0,3.116370675634826,99
5,고덕,DOWN,END,12.955823293172692,4.833333333333333,17.5,1.6566946263343367,83
5,고덕,DOWN,SAT,12.955823293172692,4.833333333333333,17.5,1.6566946263343367,83
5,고덕,UP,DAY,10.70873786407767,2.5,27.0,4.191866180272529,103
5,고덕,UP,END,13.617283950617283,13.0,24.5,1.9957323294630964,81
5,고덕,UP,SAT,13.617283950617283,13.0,24.5,1.9957323294630964,81
5,공덕,DOWN,DAY,5.620898100172711,2.5,9.0,1.504451611776891,193
5,공덕,DOWN,END,6.699588477366254,6.5,12.5,0.6320842826967871,162
5,공덕,DOWN,SAT,6.699588477366254,6.5,12.5,0.6320842826967871,162
5,공덕,UP,DAY,5.653780068728523,2.5,12.5,1.6793061407331893,194
5,공덕,UP,END,6.761316872427983,6.5,11.666666666666666,0.8387765382763328,162
5,공덕,UP,SAT,6.761316872427983,6.5,11.666666666666666,0.8387765382763328,162
5,광나루,DOWN,DAY,5.697048611111111,2.5,15.0,1.8374386762121915,192
5,광나루,DOWN,END,6.787784679089026,6.5,15.0,1.1596496683684843,161
5,광나루,DOWN,SAT,6.787784679089026,6.5,15.0,1.1596496683684843,161
5,광나루,UP,DAY,5.670962199312715,2.5,14.0,1.7724167160290372,194
5,광나루,UP,END,6.804526748971193,6.5,13.0,1.0298478997684803,162
5,광나루,UP,SAT,6.804526748971193,6.5,13.0,1.0298478997684803,162
5,광화문,DOWN,DAY,5.652849740932642,2.5,14.166666666666666,1.6166395318782327,193
5,광화문,DOWN,END,6.709876543209877,6.5,14.166666666666666,0.7326449704397632,162
5,광화문,DOWN,SAT,6.709876543209877,6.5,14.166666666666666,0.7326449704397632,162
5,광화문,UP,DAY,5.622625215889465,2.5,12.5,1.6264026761351418,193
5,광화문,UP,END,6.76028806584362,6.5,11.5,0.8328034253124256,162
5,광화문,UP,SAT,6.76028806584362,6.5,11.5,0.8328034253124256,162
5,군자,DOWN,DAY,5.665798611111111,2.5,14.833333333333334,1.7227473590203064,192
5,군자,DOWN,END,6.744306418219462,6.5,14.833333333333334,0.9646586644271549,161
5,군자,DOWN,SAT,6.744306418219462,6.5,14.833333333333334,0.9646586644271549,161
5,군자,UP,DAY,5.667530224525043,2.5,14.0,1.7762170945721896,193
5,군자,UP,END,6.769151138716356,6.5,13.0,0.9290941884664321,161
5,군자,UP,SAT,6.769151138716356,6.5,13.0,0.9290941884664321,161
5,굽은다리,DOWN,DAY,10.962962962962964,3.3333333333333335,17.0,3.116370675634826,99
5,굽은다리,DOWN,END,12.955823293172692,4.833333333333333,17.5,1.6566946263343367,83
5,굽은다리,DOWN,SAT,12.955823293172692,4.833333333333333,17.5,1.6566946263343367,83
5,굽은다리,UP,DAY,10.710355987055015,2.5,27.0,4.192791378691934,103
5,굽은다리,UP,END,13.617283950617283,13.0,24.5,1.9957323294630964,81
5,굽은다리,UP,SAT,13.617283950617283,13.0,24.5,1.9957323294630964,81
5,길동,DOWN,DAY,10.962962962962964,3.3333333333333335,17.0,3.116370675634826,99
5,길동,DOWN,END,13.009920634920636,4.833333333333333,17.5,1.7197084196198802,84
5,길동,DOWN,SAT,13.009920634920636,4.833333333333333,17.5,1.7197084196198802,84
5,길동,UP,DAY,10.648692810457515,2.5,27.0,4.166297466332378,102
5,길동,UP,END,13.525,13.0,24.5,1.8261462500529027,80
5,길동,UP,SAT,13.525,13.0,24.5,1.8261462500529027,80
5,김포공항,DOWN,DAY,5.695876288659794,2.5,18.0,1.7559029990660533,194
5,김포공항,DOWN,END,6.726708074534161,6.5,12.5,0.7765112494335767,161
5,김포공항,DOWN,SAT,6.726708074534161,6.5,12.5,0.7765112494335767,161
5,김포공항,UP,DAY,5.610243055555556,2.5,14.833333333333334,1.6548883460816617,192
5,김포공항,UP,END,6.744791666666667,6.5,14.833333333333334,0.9280401482540982,160
5,김포공항,UP,SAT,6.744791666666667,6.5,14.833333333333334,0.9280401482540982,160
5,까치산,DOWN,DAY,5.645299145299145,2.5,9.0,1.512159330477299,195
5,까치산,DOWN,END,6.699588477366254,6.5,12.5,0.6320842826967871,162
5,까치산,DOWN,SAT,6.699588477366254,6.5,12.5,0.6320842826967871,162
5,까치산,UP,DAY,5.6355785837651124,2.5,14.833333333333334,1.6869977379296324,193
5,까치산,UP,END,6.768115942028986,6.5,14.833333333333334,0.9713203201061985,161
5,까치산,UP,SAT,6.768115942028986,6.5,14.833333333333334,0.9713203201061985,161
5,답십리,DOWN,DAY,5.665798611111111,2.5,14.833333333333334,1.7217340275476,192
5,답십리,DOWN,END,6.744306418219462,6.5,14.833333333333334,0.9646586644271549,161
5,답십리,DOWN,SAT,6.744306418219462,6.5,14.833333333333334,0.9646586644271549,161
5,답십리,UP,DAY,5.682130584192441,2.5,14.0,1.7829200648173729,194
5,답십리,UP,END,6.779835390946501,6.5,13.0,0.9361342033691629,162
5,답십리,UP,SAT,6.779835390946501,6.5,13.0,0.9361342033691629,162
5,동대문역사문화공원,DOWN,DAY,5.635416666666667,2.5,14.166666666666666,1.6035723100557897,192
5,동대문역사문화공원,DOWN,END,6.709876543209877,6.5,14.166666666666666,0.7326449704397632,162
5,동대문역사문화공원,DOWN,SAT,6.709876543209877,6.5,14.166666666666666,0.7326449704397632,162
5,동대문역사문화공원,UP,DAY,5.6606529209622,2.5,13.0,1.7059594240535274,194
5,동대문역사문화공원,UP,END,6.76028806584362,6.5,11.5,0.8328034253124256,162
5,동대문역사문화공원,UP,SAT,6.76028806584362,6.5,11.5,0.8328034253124256,162
5,둔촌동,DOWN,DAY,9.930303030303032,2.8333333333333335,16.5,3.281895307356938,110
5,둔촌동,DOWN,END,12.927450980392155,4.333333333333333,21.166666666666668,2.0776027627924094,85
5,둔촌동,DOWN,SAT,12.927450980392155,4.333333333333333,21.166666666666668,2.0776027627924094,85
5,둔촌동,UP,DAY,11.442105263157895,5.0,25.5,3.3133058296385323,95
5,둔촌동,UP,END,13.5875,13.0,25.5,2.0372713819087296,80
5,둔촌동,UP,SAT,13.5875,13.0,25.5,2.0372713819087296,80
5,마곡,DOWN,DAY,5.629533678756476,2.5,9.0,1.5137974467056872,193
5,마곡,DOWN,END,6.726708074534161,6.5,12.5,0.7765112494335767,161
5,마곡,DOWN,SAT,6.726708074534161,6.5,12.5,0.7765112494335767,161
5,마곡,UP,DAY,5.6355785837651124,2.5,14.833333333333334,1.6869977379296324,193
5,마곡,UP,END,6.744791666666667,6.5,14.833333333333334,0.9280401482540982,160
5,마곡,UP,SAT,6.744791666666667,6.5,14.833333333333334,0.9280401482540982,160
5,마장,DOWN,DAY,5.665798611111111,2.5,14.833333333333334,1.7210581417695257,192
5,마장,DOWN,END,6.7520576131687235,6.5,14.833333333333334,0.9667055133054415,162
5,마장,DOWN,SAT,6.7520576131687235,6.5,14.833333333333334,0.9667055133054415,162
5,마장,UP,DAY,5.639032815198619,2.5,13.0,1.6831947094890163,193
5,마장,UP,END,6.779835390946501,6.5,13.0,0.9361342033691629,162
5,마장,UP,SAT,6.779835390946501,6.5,13.0,0.9361342033691629,162
5,마천,DOWN,DAY,9.930303030303032,3.0,16.5,3.279487247204644,110
5,마천,DOWN,END,12.890873015873016,4.333333333333333,21.166666666666668,2.0623633860266866,84
5,마천,DOWN,SAT,12.890873015873016,4.333333333333333,21.166666666666668,2.0623633860266866,84
5,마포,DOWN,DAY,5.620898100172711,2.5,9.0,1.5047400797924007,193
5,마포,DOWN,END,6.699588477366254,6.5,12.5,0.6320842826967871,162
5,마포,DOWN,SAT,6.699588477366254,6.5,12.5,0.6320842826967871,162
5,마포,UP,DAY,5.653780068728523,2.5,12.5,1.6793061407331893,194
5,마포,UP,END,6.761316872427983,6.5,11.666666666666666,0.8387765382763328,162
5,마포,UP,SAT,6.761316872427983,6.5,11.666666666666666,0.8387765382763328,162
5,명일,DOWN,DAY,10.962962962962964,3.3333333333333335,17.0,3.116370675634826,99
5,명일,DOWN,END,12.955823293172692,4.833333333333333,17.5,1.6566946263343367,83
5,명일,DOWN,SAT,12.955823293172692,4.833333333333333,17.5,1.6566946263343367,83
5,명일,UP,DAY,10.710355987055015,2.5,27.0,4.192791378691934,103
5,명일,UP,END,13.617283950617283,13.0,24.5,1.9957323294630964,81
5,명일,UP,SAT,13.617283950617283,13.0,24.5,1.9957323294630964,81
5,목동,DOWN,DAY,5.6461538461538465,2.5,9.0,1.5152454612452986,195
5,목동,DOWN,END,6.699588477366254,6.5,12.5,0.6320842826967871,162
5,목동,DOWN,SAT,6.699588477366254,6.5,12.5,0.6320842826967871,162
5,목동,UP,DAY,5.665807560137457,2.5,14.833333333333334,1.7344172098334307,194
5,목동,UP,END,6.768115942028986,6.5,14.833333333333334,0.9713203201061985,161
5,목동,UP,SAT,6.768115942028986,6.5,14.833333333333334,0.9713203201061985,161
5,미사,DOWN,DAY,11.617753623188408,4.833333333333333,17.0,2.7026575402557493,92
5,미사,DOWN,END,13.441666666666668,8.166666666666666,31.5,2.4484990666375377,80
5,미사,DOWN,SAT,13.441666666666668,8.166666666666666,31.5,2.4484990666375377,80
5,미사,UP,DAY,12.247191011235955,4.0,27.0,3.9335638382277764,89
5,미사,UP,END,14.30921052631579,13.0,28.0,3.6459723031158258,76
5,미사,UP,SAT,14.30921052631579,13.0,28.0,3.6459723031158258,76
5,발산,DOWN,DAY,5.6286701208981,2.5,9.0,1.512102455403123,193
5,발산,DOWN,END,6.726708074534161,6.5,12.5,0.7765112494335767,161
5,발산,DOWN,SAT,6.726708074534161,6.5,12.5,0.7765112494335767,161
5,발산,UP,DAY,5.6355785837651124,2.5,14.833333333333334,1.6869977379296324,193
5,발산,UP,END,6.768115942028986,6.5,14.833333333333334,0.9713203201061985,161
5,발산,UP,SAT,6.768115942028986,6.5,14.833333333333334,0.9713203201061985,161
5,방이,DOWN,DAY,9.930303030303032,2.8333333333333335,16.5,3.281895307356938,110
5,방이,DOWN,END,12.927450980392155,4.333333333333333,21.166666666666668,2.0776027627924094,85
5,방이,DOWN,SAT,12.927450980392155,4.333333333333333,21.166666666666668,2.0776027627924094,85
5,방이,UP,DAY,11.46875,5.0,25.5,3.3061445983597206,96
5,방이,UP,END,13.5875,13.0,25.5,2.0372713819087296,80
5,방이,UP,SAT,13.5875,13.0,25.5,2.0372713819087296,80
5,방화,UP,DAY,5.610243055555556,2.5,14.833333333333334,1.6548883460816617,192
5,방화,UP,END,6.724318658280922,6.5,14.833333333333334,0.8939921804862844,159
5,방화,UP,SAT,6.724318658280922,6.5,14.833333333333334,0.8939921804862844,159
5,상일동,DOWN,DAY,10.906462585034015,3.3333333333333335,17.0,3.0810050953842736,98
5,상일동,DOWN,END,12.955823293172692,4.833333333333333,17.5,1.6566946263343367,83
5,상일동,DOWN,SAT,12.955823293172692,4.833333333333333,17.5,1.6566946263343367,83
5,상일동,UP,DAY,12.247191011235955,4.0,27.0,3.9335638382277764,89
5,상일동,UP,END,14.30921052631579,13.0,28.0,3.6459723031158258,76
5,상일동,UP,SAT,14.30921052631579,13.0,28.0,3.6459723031158258,76
5,서대문,DOWN,DAY,5.652849740932642,2.5,14.166666666666666,1.6164605384381543,193
5,서대문,DOWN,END,6.709876543209877,6.5,14.166666666666666,0.7326449704397632,162
5,서대문,DOWN,SAT,6.709876543209877,6.5,14.166666666666666,0.7326449704397632,162
5,서대문,UP,DAY,5.622625215889465,2.5,12.5,1.6264026761351418,193
5,서대문,UP,END,6.730848861283643,6.5,11.5,0.7460688901300441,161
5,서대문,UP,SAT,6.730848861283643,6.5,11.5,0.7460688901300441,161
5,송정,DOWN,DAY,5.6312607944732305,2.5,9.0,1.5168941638865021,193
5,송정,DOWN,END,6.726708074534161,6.5,12.5,0.7765112494335767,161
5,송정,DOWN,SAT,6.726708074534161,6.5,12.5,0.7765112494335767,161
5,송정,UP,DAY,5.610243055555556,2.5,14.833333333333334,1.6548883460816617,192
5,송정,UP,END,6.744791666666667,6.5,14.833333333333334,0.9280401482540982,160
5,송정,UP,SAT,6.744791666666667,6.5,14.833333333333334,0.9280401482540982,160
5,신금호,DOWN,DAY,5.635416666666667,2.5,14.166666666666666,1.6035723100557897,192
5,신금호,DOWN,END,6.701863354037267,6.5,14.166666666666666,0.7277748473486854,161
5,신금호,DOWN,SAT,6.701863354037267,6.5,14.166666666666666,0.7277748473486854,161
5,신금호,UP,DAY,5.660652920962199,2.5,13.0,1.7057906821407265,194
5,신금호,UP,END,6.76028806584362,6.5,11.5,0.8328034253124256,162
5,신금호,UP,SAT,6.76028806584362,6.5,11.5,0.8328034253124256,162
5,신길,DOWN,DAY,5.633161512027491,2.5,9.0,1.5074732179550714,194
5,신길,DOWN,END,6.699588477366254,6.5,12.5,0.6320842826967871,162
5,신길,DOWN,SAT,6.699588477366254,6.5,12.5,0.6320842826967871,162
5,신길,UP,DAY,5.665807560137457,2.5,14.833333333333334,1.7354956473063674,194
5,신길,UP,END,6.7973251028806585,6.5,14.833333333333334,1.0372162297121155,162
5,신길,UP,SAT,6.7973251028806585,6.5,14.833333333333334,1.0372162297121155,162
5,신정,DOWN,DAY,5.645299145299146,2.5,9.0,1.5125380379090738,195
5,신정,DOWN,END,6.699588477366254,6.5,12.5,0.6320842826967871,162
5,신정,DOWN,SAT,6.699588477366254,6.5,12.5,0.6320842826967871,162
5,신정,UP,DAY,5.6355785837651124,2.5,14.833333333333334,1.6869119763425253,193
5,신정,UP,END,6.768115942028986,6.5,14.833333333333334,0.9713203201061985,161
5,신정,UP,SAT,6.768115942028986,6.5,14.833333333333334,0.9713203201061985,161
5,아차산,DOWN,DAY,5.697048611111111,2.5,15.0,1.8356173220012668,192
5,아차산,DOWN,END,6.795267489711934,6.5,15.0,1.1599592296918384,162
5,아차산,DOWN,SAT,6.795267489711934,6.5,15.0,1.1599592296918384,162
5,아차산,UP,DAY,5.670962199312715,2.5,14.0,1.7722543017355716,194
5,아차산,UP,END,6.769151138716356,6.5,13.0,0.9290941884664321,161
5,아차산,UP,SAT,6.769151138716356,6.5,13.0,0.9290941884664321,161
5,애오개,DOWN,DAY,5.620898100172711,2.5,9.0,1.504451611776891,193
5,애오개,DOWN,END,6.699588477366254,6.5,12.5,0.6320842826967871,162
5,애오개,DOWN,SAT,6.699588477366254,6.5,12.5,0.6320842826967871,162
5,애오개,UP,DAY,5.622625215889465,2.5,12.5,1.6264026761351418,193
5,애오개,UP,END,6.730848861283643,6.5,11.5,0.7460688901300441,161
5,애오개,UP,SAT,6.730848861283643,6.5,11.5,0.7460688901300441,161
5,양평,DOWN,DAY,5.645299145299145,2.5,9.0,1.5126326999522726,195
5,양평,DOWN,END,6.699588477366254,6.5,12.5,0.6320842826967871,162
5,양평,DOWN,SAT,6.699588477366254,6.5,12.5,0.6320842826967871,162
5,양평,UP,DAY,5.665807560137457,2.5,14.833333333333334,1.7340022475963197,194
5,양평,UP,END,6.7973251028806585,6.5,14.833333333333334,1.0372162297121155,162
5,양평,UP,SAT,6.7973251028806585,6.5,14.833333333333334,1.0372162297121155,162
5,여의나루,DOWN,DAY,5.620898100172712,2.5,9.0,1.501467530375092,193
5,여의나루,DOWN,END,6.699588477366254,6.5,12.5,0.6320842826967871,162
5,여의나루,DOWN,SAT,6.699588477366254,6.5,12.5,0.6320842826967871,162
5,여의나루,UP,DAY,5.653780068728523,2.5,12.5,1.6793061407331893,194
5,여의나루,UP,END,6.761316872427983,6.5,11.666666666666666,0.8387765382763328,162
5,여의나루,UP,SAT,6.761316872427983,6.5,11.666666666666666,0.8387765382763328,162
5,여의도,DOWN,DAY,5.633161512027491,2.5,9.0,1.5074732179550714,194
5,여의도,DOWN,END,6.699588477366254,6.5,12.5,0.6320842826967871,162
5,여의도,DOWN,SAT,6.699588477366254,6.5,12.5,0.6320842826967871,162
5,여의도,UP,DAY,5.618307426597583,2.5,11.666666666666666,1.6084336871099083,193
5,여의도,UP,END,6.761316872427983,6.5,11.666666666666666,0.8387765382763328,162
5,여의도,UP,SAT,6.761316872427983,6.5,11.666666666666666,0.8387765382763328,162
5,영등포구청,DOWN,DAY,5.632302405498282,2.5,9.0,1.5067375348873846,194
5,영등포구청,DOWN,END,6.699588477366254,6.5,12.5,0.6320842826967871,162
5,영등포구청,DOWN,SAT,6.699588477366254,6.5,12.5,0.6320842826967871,162
5,영등포구청,UP,DAY,5.665807560137457,2.5,14.833333333333334,1.7342512368533762,194
5,영등포구청,UP,END,6.7973251028806585,6.5,14.833333333333334,1.0372162297121155,162
5,영등포구청,UP,SAT,6.7973251028806585,6.5,14.833333333333334,1.0372162297121155,162
5,영등포시장,DOWN,DAY,5.633161512027492,2.5,9.0,1.5077596163547407,194
5,영등포시장,DOWN,END,6.699588477366254,6.5,12.5,0.6320842826967871,162
5,영등포시장,DOWN,SAT,6.699588477366254,6.5,12.5,0.6320842826967871,162
5,영등포시장,UP,DAY,5.665807560137457,2.5,14.833333333333334,1.7349150335054264,194
5,영등포시장,UP,END,6.7973251028806585,6.5,14.833333333333334,1.0372162297121155,162
5,영등포시장,UP,SAT,6.7973251028806585,6.5,14.833333333333334,1.0372162297121155,162
5,오금,DOWN,DAY,9.930303030303032,2.8333333333333335,16.5,3.281895307356938,110
5,오금,DOWN,END,12.927450980392155,4.333333333333333,21.166666666666668,2.0776027627924094,85
5,오금,DOWN,SAT,12.927450980392155,4.333333333333333,21.166666666666668,2.0776027627924094,85
5,오금,UP,DAY,11.46875,5.0,25.5,3.3061445983597206,96
5,오금,UP,END,13.5875,13.0,25.5,2.0372713819087296,80
5,오금,UP,SAT,13.5875,13.0,25.5,2.0372713819087296,80
5,오목교,DOWN,DAY,5.6461538461538465,2.5,9.0,1.5158123303637878,195
5,오목교,DOWN,END,6.699588477366254,6.5,12.5,0.6320842826967871,162
5,오목교,DOWN,SAT,6.699588477366254,6.5,12.5,0.6320842826967871,162
5,오목교,UP,DAY,5.665807560137457,2.5,14.833333333333334,1.7339192432318264,194
5,오목교,UP,END,6.7973251028806585,6.5,14.833333333333334,1.0372162297121155,162
5,오목교,UP,SAT,6.7973251028806585,6.5,14.833333333333334,1.0372162297121155,162
5,올림픽공원,DOWN,DAY,9.930303030303032,2.8333333333333335,16.5,3.281895307356938,110
5,올림픽공원,DOWN,END,12.927450980392155,4.333333333333333,21.166666666666668,2.0776027627924094,85
5,올림픽공원,DOWN,SAT,12.927450980392155,4.333333333333333,21.166666666666668,2.0776027627924094,85
5,올림픽공원,UP,DAY,11.442105263157895,5.0,25.5,3.3133058296385323,95
5,올림픽공원,UP,END,13.5875,13.0,25.5,2.0372713819087296,80
5,올림픽공원,UP,SAT,13.5875,13.0,25.5,2.0372713819087296,80
5,왕십리,DOWN,DAY,5.617801047120419,2.5,14.166666666666666,1.5907987048252683,191
5,왕십리,DOWN,END,6.701863354037267,6.5,14.166666666666666,0.7277748473486854,161
5,왕십리,DOWN,SAT,6.701863354037267,6.5,14.166666666666666,0.7277748473486854,161
5,왕십리,UP,DAY,5.639032815198619,2.5,13.0,1.6831947094890163,193
5,왕십리,UP,END,6.779835390946501,6.5,13.0,0.9361342033691629,162
5,왕십리,UP,SAT,6.779835390946501,6.5,13.0,0.9361342033691629,162
5,우장산,DOWN,DAY,5.627806563039723,2.5,9.0,1.5105008488044982,193
5,우장산,DOWN,END,6.726708074534161,6.5,12.5,0.7765112494335767,161
5,우장산,DOWN,SAT,6.726708074534161,6.5,12.5,0.7765112494335767,161
5,우장산,UP,DAY,5.6355785837651124,2.5,14.833333333333334,1.6869977379296324,193
5,우장산,UP,END,6.768115942028986,6.5,14.833333333333334,0.9713203201061985,161
5,우장산,UP,SAT,6.768115942028986,6.5,14.833333333333334,0.9713203201061985,161
5,을지로4가,DOWN,DAY,5.635416666666667,2.5,14.166666666666666,1.6035723100557897,192
5,을지로4가,DOWN,END,6.709876543209877,6.5,14.166666666666666,0.7326449704397632,162
5,을지로4가,DOWN,SAT,6.709876543209877,6.5,14.166666666666666,0.7326449704397632,162
5,을지로4가,UP,DAY,5.660652920962199,2.5,13.0,1.7061281492771756,194
5,을지로4가,UP,END,6.76028806584362,6.5,11.5,0.8328034253124256,162
5,을지로4가,UP,SAT,6.76028806584362,6.5,11.5,0.8328034253124256,162
5,장한평,DOWN,DAY,5.665798611111111,2.5,14.833333333333334,1.7227473590203064,192
5,장한평,DOWN,END,6.744306418219462,6.5,14.833333333333334,0.9646586644271549,161
5,장한평,DOWN,SAT,6.744306418219462,6.5,14.833333333333334,0.9646586644271549,161
5,장한평,UP,DAY,5.682130584192439,2.5,14.0,1.783081507606229,194
5,장한평,UP,END,6.779835390946501,6.5,13.0,0.9361342033691629,162
5,장한평,UP,SAT,6.779835390946501,6.5,13.0,0.9361342033691629,162
5,종로3가,DOWN,DAY,5.652849740932642,2.5,14.166666666666666,1.6166395318782327,193
5,종로3가,DOWN,END,6.709876543209877,6.5,14.166666666666666,0.7326449704397632,162
5,종로3가,DOWN,SAT,6.709876543209877,6.5,14.166666666666666,0.7326449704397632,162
5,종로3가,UP,DAY,5.660652920962199,2.5,13.0,1.7062968578166222,194
5,종로3가,UP,END,6.76028806584362,6.5,11.5,0.8328034253124256,162
5,종로3가,UP,SAT,6.76028806584362,6.5,11.5,0.8328034253124256,162
5,천호,DOWN,DAY,5.697048611111111,2.5,15.0,1.8383091207556899,192
5,천호,DOWN,END,6.787784679089026,6.5,15.0,1.1596496683684843,161
5,천호,DOWN,SAT,6.787784679089026,6.5,15.0,1.1596496683684843,161
5,천호,UP,DAY,5.670962199312715,2.5,14.0,1.7725791154411343,194
5,천호,UP,END,6.804526748971193,6.5,13.0,1.0298478997684803,162
5,천호,UP,SAT,6.804526748971193,6.5,13.0,1.0298478997684803,162
5,청구,DOWN,DAY,5.635416666666667,2.5,14.166666666666666,1.6035723100557897,192
5,청구,DOWN,END,6.701863354037267,6.5,14.166666666666666,0.7277748473486854,161
5,청구,DOWN,SAT,6.701863354037267,6.5,14.166666666666666,0.7277748473486854,161
5,청구,UP,DAY,5.660652920962199,2.5,13.0,1.7059594240535274,194
5,청구,UP,END,6.76028806584362,6.5,11.5,0.8328034253124256,162
5,청구,UP,SAT,6.76028806584362,6.5,11.5,0.8328034253124256,162
5,충정로,DOWN,DAY,5.652849740932642,2.5,14.166666666666666,1.6165500376355877,193
5,충정로,DOWN,END,6.709876543209877,6.5,14.166666666666666,0.7326449704397632,162
5,충정로,DOWN,SAT,6.709876543209877,6.5,14.166666666666666,0.7326449704397632,162
5,충정로,UP,DAY,5.622625215889465,2.5,12.5,1.6264026761351418,193
5,충정로,UP,END,6.730848861283643,6.5,11.5,0.7460688901300441,161
5,충정로,UP,SAT,6.730848861283643,6.5,11.5,0.7460688901300441,161
5,하남검단산,DOWN,DAY,11.49283154121864,4.833333333333333,17.0,2.81343331036024,93
5,하남검단산,DOWN,END,13.213080168776374,8.166666666666666,19.333333333333332,1.3558296386936248,79
5,하남검단산,DOWN,SAT,13.213080168776374,8.166666666666666,19.333333333333332,1.3558296386936248,79
5,하남시청,DOWN,DAY,11.49283154121864,4.833333333333333,17.0,2.81343331036024,93
5,하남시청,DOWN,END,13.213080168776374,8.166666666666666,19.333333333333332,1.3558296386936248,79
5,하남시청,DOWN,SAT,13.213080168776374,8.166666666666666,19.333333333333332,1.3558296386936248,79
5,하남시청,UP,DAY,12.247191011235955,4.0,27.0,3.9335638382277764,89
5,하남시청,UP,END,14.30921052631579,13.0,28.0,3.6459723031158258,76
5,하남시청,UP,SAT,14.30921052631579,13.0,28.0,3.6459723031158258,76
5,하남풍산,DOWN,DAY,11.49283154121864,4.833333333333333,17.0,2.8145062869333892,93
5,하남풍산,DOWN,END,13.441666666666668,8.166666666666666,31.5,2.4484990666375377,80
5,하남풍산,DOWN,SAT,13.441666666666668,8.166666666666666,31.5,2.4484990666375377,80
5,하남풍산,UP,DAY,12.247191011235955,4.0,27.0,3.9335638382277764,89
5,하남풍산,UP,END,14.30921052631579,13.0,28.0,3.6459723031158258,76
5,하남풍산,UP,SAT,14.30921052631579,13.0,28.0,3.6459723031158258,76
5,행당,DOWN,DAY,5.635416666666667,2.5,14.166666666666666,1.6038443671150582,192
5,행당,DOWN,END,6.701863354037267,6.5,14.166666666666666,0.7277748473486854,161
5,행당,DOWN,SAT,6.701863354037267,6.5,14.166666666666666,0.7277748473486854,161
5,행당,UP,DAY,5.660652920962199,2.5,13.0,1.7056219235338197,194
5,행당,UP,END,6.76028806584362,6.5,11.5,0.8328034253124256,162
5,행당,UP,SAT,6.76028806584362,6.5,11.5,0.8328034253124256,162
5,화곡,DOWN,DAY,5.626943005181347,2.5,9.0,1.5089929242582694,193
5,화곡,DOWN,END,6.726708074534161,6.5,12.5,0.7765112494335767,161
5,화곡,DOWN,SAT,6.726708074534161,6.5,12.5,0.7765112494335767,161
5,화곡,UP,DAY,5.6355785837651124,2.5,14.833333333333334,1.6869977379296324,193
5,화곡,UP,END,6.768115942028986,6.5,14.833333333333334,0.9713203201061985,161
5,화곡,UP,SAT,6.768115942028986,6.5,14.833333333333334,0.9713203201061985,161
